Region,Pou,Selected_Course,Batch No,Available Seats,From Date,To Date,Batch Time,Pou Name,Course,Open For,Registration Start Date
Central,BEAWAR,Advanced (ICITSS) MCS Course,AdvICITSSMCS__BEAWAR_2,10,04/11/2026,21/11/2026,10-0-AM to 4-0-PM,BEAWAR,Advanced (ICITSS) MCS Course,General,
Central,AGRA,Advanced (ICITSS) MCS Course,AdvICITSSMCS__AGRA_18,0,27/10/2026,17/11/2026,11-0-AM to 5-30-PM,AGRA,Advanced (ICITSS) MCS Course,General,
Central,BAREILLY,Advanced (ICITSS) MCS Course,AdvICITSSMCS__BAREILLY_8,20,21/10/2026,06/11/2026,11-0-AM to 5-0-PM,BAREILLY,Advanced (ICITSS) MCS Course,General,
Central,ALWAR,Advanced (ICITSS) MCS Course,AdvICITSSMCS__ALWAR_2,46,16/11/2026,03/12/2026,10-0-AM to 5-0-PM,ALWAR,Advanced (ICITSS) MCS Course,General,
Central,BEAWAR,AICITSS - Advanced Information Technology,AICITSSAdvITT__BEAWAR_10,0,19/10/2026,02/11/2026,2-0-PM to 8-0-PM,BEAWAR,AICITSS - Advanced Information Technology,General,
Central,BEAWAR,AICITSS - Advanced Information Technology,AICITSSAdvITT__BEAWAR_11,1,23/11/2026,07/12/2026,2-0-PM to 8-0-PM,BEAWAR,AICITSS - Advanced Information Technology,General,03/09/2026
Central,BEAWAR,AICITSS - Advanced Information Technology,AICITSSAdvITT__BEAWAR_12,4,09/12/2026,23/12/2026,2-0-PM to 8-0-PM,BEAWAR,AICITSS - Advanced Information Technology,General,29/09/2026
Central,BAREILLY,AICITSS - Advanced Information Technology,AICITSSAdvITT__BAREILLY_7,0,13/11/2026,30/11/2026,11-0-AM to 5-0-PM,BAREILLY,AICITSS - Advanced Information Technology,General,
Central,AJMER,AICITSS - Advanced Information Technology,AICITSSAdvITT__AJMER_15,13,03/11/2026,25/11/2026,2-0-PM to 8-0-PM,AJMER,AICITSS - Advanced Information Technology,General,09/10/2026
Central,ALWAR,AICITSS - Advanced Information Technology,AICITSSAdvITT__ALWAR_9,0,17/10/2026,05/11/2026,2-0-PM to 8-0-PM,ALWAR,AICITSS - Advanced Information Technology,General,
Central,AGRA,ICITSS - Information Technology,ICITSSITT__AGRA_35,0,27/10/2026,17/11/2026,11-0-AM to 5-0-PM,AGRA,ICITSS - Information Technology,General,
Central,BAREILLY,ICITSS - Information Technology,ICITSSITT__BAREILLY_12,0,15/10/2026,02/11/2026,11-0-AM to 5-0-PM,BAREILLY,ICITSS - Information Technology,General,
Central,ALWAR,ICITSS - Information Technology,ICITSSITT__ALWAR_19,21,12/11/2026,30/11/2026,2-0-PM to 8-0-PM,ALWAR,ICITSS - Information Technology,General,05/10/2026
Central,AJMER,ICITSS - Information Technology,ICITSSITT__AJMER_30,16,26/10/2026,14/11/2026,8-0-AM to 2-0-PM,AJMER,ICITSS - Information Technology,General,24/09/2026
Central,BILASPUR,Advanced (ICITSS) MCS Course,AdvICITSSMCS__BILASPUR_13,2,16/11/2026,03/12/2026,11-0-AM to 5-0-PM,BILASPUR,Advanced (ICITSS) MCS Course,General,
Central,CHITTORGARH,Advanced (ICITSS) MCS Course,AdvICITSSMCS__CHITTORGARH_3,0,19/10/2026,04/11/2026,10-30-AM to 5-30-AM,CHITTORGARH,Advanced (ICITSS) MCS Course,General,
Central,BHOPAL,Advanced (ICITSS) MCS Course,AdvICITSSMCS__BHOPAL_23,0,21/10/2026,07/11/2026,8-0-AM to 2-0-PM,BHOPAL,Advanced (ICITSS) MCS Course,General,
Central,BHOPAL,Advanced (ICITSS) MCS Course,AdvICITSSMCS__BHOPAL_24,43,12/11/2026,30/11/2026,8-0-AM to 2-0-PM,BHOPAL,Advanced (ICITSS) MCS Course,General,
Central,BHILAI,Advanced (ICITSS) MCS Course,AdvICITSSMCS__BHILAI_16,0,19/10/2026,05/11/2026,11-0-AM to 5-0-PM,BHILAI,Advanced (ICITSS) MCS Course,General,
Central,BHILWARA,Advanced (ICITSS) MCS Course,AdvICITSSMCS__BHILWARA_12,0,19/10/2026,05/11/2026,10-0-AM to 4-30-PM,BHILWARA,Advanced (ICITSS) MCS Course,General,
Central,BHILWARA,Advanced (ICITSS) MCS Course,AdvICITSSMCS__BHILWARA_14,10,12/11/2026,30/11/2026,10-0-AM to 4-30-PM,BHILWARA,Advanced (ICITSS) MCS Course,General,
Central,BIKANER,Advanced (ICITSS) MCS Course,AdvICITSSMCS__BIKANER_19,5,01/12/2026,17/12/2026,10-30-AM to 4-30-PM,BIKANER,Advanced (ICITSS) MCS Course,General,
Central,BEAWAR,ICITSS - Orientation Course,ICITSSOC__BEAWAR_7,27,16/11/2026,30/11/2026,10-0-AM to 4-0-PM,BEAWAR,ICITSS - Orientation Course,General,
Central,ALWAR,ICITSS - Orientation Course,ICITSSOC__ALWAR_7,34,16/10/2026,04/11/2026,10-0-PM to 5-0-PM,ALWAR,ICITSS - Orientation Course,General,
Central,CHITTORGARH,AICITSS - Advanced Information Technology,AICITSSAdvITT__CHITTORGARH_4,13,12/11/2026,30/11/2026,10-30-AM to 4-30-PM,CHITTORGARH,AICITSS - Advanced Information Technology,General,29/09/2026
Central,BILASPUR,AICITSS - Advanced Information Technology,AICITSSAdvITT__BILASPUR_9,0,26/10/2026,14/11/2026,11-0-AM to 5-0-PM,BILASPUR,AICITSS - Advanced Information Technology,General,
Central,BHILWARA,AICITSS - Advanced Information Technology,AICITSSAdvITT__BHILWARA_22,0,13/10/2026,30/10/2026,11-0-AM to 5-0-PM,BHILWARA,AICITSS - Advanced Information Technology,General,
Central,BHILWARA,AICITSS - Advanced Information Technology,AICITSSAdvITT__BHILWARA_23,0,12/11/2026,30/11/2026,11-0-AM to 5-0-PM,BHILWARA,AICITSS - Advanced Information Technology,General,
Central,BIKANER,AICITSS - Advanced Information Technology,AICITSSAdvITT__BIKANER_19,0,16/11/2026,30/11/2026,10-30-AM to 4-30-PM,BIKANER,AICITSS - Advanced Information Technology,General,
Central,BHOPAL,AICITSS - Advanced Information Technology,AICITSSAdvITT__BHOPAL_26,0,26/10/2026,14/11/2026,2-0-PM to 8-0-PM,BHOPAL,AICITSS - Advanced Information Technology,General,
Central,GHAZIABAD,Advanced (ICITSS) MCS Course,AdvICITSSMCS__GHAZIABAD_19,0,21/10/2026,06/11/2026,10-0-AM to 5-0-PM,GHAZIABAD,Advanced (ICITSS) MCS Course,General,
Central,GHAZIABAD,Advanced (ICITSS) MCS Course,AdvICITSSMCS__GHAZIABAD_20,4,28/10/2026,17/11/2026,7-30-AM to 1-30-PM,GHAZIABAD,Advanced (ICITSS) MCS Course,General,
Central,GHAZIABAD,Advanced (ICITSS) MCS Course,AdvICITSSMCS__GHAZIABAD_22,47,02/11/2026,21/11/2026,8-0-AM to 2-0-PM,GHAZIABAD,Advanced (ICITSS) MCS Course,General,
Central,GHAZIABAD,Advanced (ICITSS) MCS Course,AdvICITSSMCS__GHAZIABAD_21,50,12/11/2026,28/11/2026,8-0-AM to 2-0-PM,GHAZIABAD,Advanced (ICITSS) MCS Course,General,
Central,GWALIOR,Advanced (ICITSS) MCS Course,AdvICITSSMCS__GWALIOR_4,28,21/10/2026,07/11/2026,11-0-AM to 5-0-PM,GWALIOR,Advanced (ICITSS) MCS Course,General,
Central,GORAKHPUR,Advanced (ICITSS) MCS Course,AdvICITSSMCS__GORAKHPUR_6,29,16/11/2026,01/12/2026,11-0-AM to 5-0-PM,GORAKHPUR,Advanced (ICITSS) MCS Course,General,
Central,Haldwani,Advanced (ICITSS) MCS Course,AdvICITSSMCS__Haldwani_4,30,09/11/2026,26/11/2026,11-0-AM to 5-0-PM,Haldwani,Advanced (ICITSS) MCS Course,General,
Central,CHITTORGARH,ICITSS - Information Technology,ICITSSITT__CHITTORGARH_22,25,12/11/2026,30/11/2026,10-30-AM to 4-30-PM,CHITTORGARH,ICITSS - Information Technology,General,17/09/2026
Central,BHILWARA,ICITSS - Information Technology,ICITSSITT__BHILWARA_32,0,13/10/2026,30/10/2026,11-0-AM to 5-0-PM,BHILWARA,ICITSS - Information Technology,General,
Central,BHILWARA,ICITSS - Information Technology,ICITSSITT__BHILWARA_33,22,12/11/2026,30/11/2026,11-0-AM to 5-0-PM,BHILWARA,ICITSS - Information Technology,General,06/10/2026
Central,BHOPAL,ICITSS - Information Technology,ICITSSITT__BHOPAL_43,0,12/10/2026,30/10/2026,8-0-AM to 2-0-PM,BHOPAL,ICITSS - Information Technology,General,
Central,BHOPAL,ICITSS - Information Technology,ICITSSITT__BHOPAL_44,32,16/11/2026,03/12/2026,2-0-PM to 8-0-PM,BHOPAL,ICITSS - Information Technology,General,09/10/2026
Central,BIKANER,ICITSS - Information Technology,ICITSSITT__BIKANER_23,13,27/10/2026,14/11/2026,10-30-AM to 4-30-PM,BIKANER,ICITSS - Information Technology,General,24/08/2026
Central,BILASPUR,ICITSS - Orientation Course,ICITSSOC__BILASPUR_30,24,26/10/2026,14/11/2026,11-0-AM to 5-0-PM,BILASPUR,ICITSS - Orientation Course,General,
Central,BHILWARA,ICITSS - Orientation Course,ICITSSOC__BHILWARA_23,19,13/10/2026,30/10/2026,10-0-AM to 4-30-PM,BHILWARA,ICITSS - Orientation Course,General,
Central,GHAZIABAD,AICITSS - Advanced Information Technology,AICITSSAdvITT__GHAZIABAD_60,0,14/10/2026,31/10/2026,8-0-AM to 2-0-PM,GHAZIABAD,AICITSS - Advanced Information Technology,General,
Central,GHAZIABAD,AICITSS - Advanced Information Technology,AICITSSAdvITT__GHAZIABAD_61,11,28/10/2026,17/11/2026,2-0-PM to 8-0-PM,GHAZIABAD,AICITSS - Advanced Information Technology,General,24/09/2026
Central,GHAZIABAD,AICITSS - Advanced Information Technology,AICITSSAdvITT__GHAZIABAD_62,7,02/11/2026,21/11/2026,8-0-AM to 2-0-PM,GHAZIABAD,AICITSS - Advanced Information Technology,General,06/10/2026
Central,BHOPAL,ICITSS - Orientation Course,ICITSSOC__BHOPAL_34,45,23/10/2026,07/11/2026,10-0-AM to 5-0-PM,BHOPAL,ICITSS - Orientation Course,General,
Central,BIKANER,ICITSS - Orientation Course,ICITSSOC__BIKANER_19,50,08/01/2027,04/02/2027,10-30-AM to 4-30-PM,BIKANER,ICITSS - Orientation Course,General,
Central,DHANBAD,AICITSS - Advanced Information Technology,AICITSSAdvITT__DHANBAD_17,19,29/10/2026,17/11/2026,10-0-AM to 4-0-PM,DHANBAD,AICITSS - Advanced Information Technology,General,11/09/2026
Central,DEHRADUN,AICITSS - Advanced Information Technology,AICITSSAdvITT__DEHRADUN_10,0,17/10/2026,05/11/2026,10-0-AM to 4-0-PM,DEHRADUN,AICITSS - Advanced Information Technology,General,
Central,INDORE,Advanced (ICITSS) MCS Course,AdvICITSSMCS__INDORE_72,0,19/10/2026,05/11/2026,10-30-AM to 5-30-PM,INDORE,Advanced (ICITSS) MCS Course,General,
Central,JAIPUR,Advanced (ICITSS) MCS Course,AdvICITSSMCS__JAIPUR_85,0,21/10/2026,05/11/2026,10-0-AM to 5-0-PM,JAIPUR,Advanced (ICITSS) MCS Course,General,
Central,JAIPUR,Advanced (ICITSS) MCS Course,AdvICITSSMCS__JAIPUR_86,0,26/10/2026,20/11/2026,10-0-AM to 5-0-PM,JAIPUR,Advanced (ICITSS) MCS Course,General,
Central,JAIPUR,Advanced (ICITSS) MCS Course,AdvICITSSMCS__JAIPUR_87,0,02/11/2026,28/11/2026,10-0-AM to 5-0-PM,JAIPUR,Advanced (ICITSS) MCS Course,General,
Central,JAIPUR,Advanced (ICITSS) MCS Course,AdvICITSSMCS__JAIPUR_89,0,12/11/2026,30/11/2026,10-0-AM to 5-0-PM,JAIPUR,Advanced (ICITSS) MCS Course,General,
Central,JAIPUR,Advanced (ICITSS) MCS Course,AdvICITSSMCS__JAIPUR_88,0,16/11/2026,03/12/2026,10-0-AM to 5-0-PM,JAIPUR,Advanced (ICITSS) MCS Course,General,
Central,JAIPUR,Advanced (ICITSS) MCS Course,AdvICITSSMCS__JAIPUR_90,0,02/12/2026,18/12/2026,10-0-AM to 5-0-PM,JAIPUR,Advanced (ICITSS) MCS Course,General,
Central,KISHANGARH,Advanced (ICITSS) MCS Course,AdvICITSSMCS__KISHANGARH_6,50,27/10/2026,16/11/2026,10-0-AM to 4-30-PM,KISHANGARH,Advanced (ICITSS) MCS Course,General,
Central,MUZAFFARNAGAR,Advanced (ICITSS) MCS Course,AdvICITSSMCS__MUZAFFARNAGAR_17,28,02/11/2026,25/11/2026,10-0-AM to 4-0-PM,MUZAFFARNAGAR,Advanced (ICITSS) MCS Course,General,
Central,JAMSHEDPUR,Advanced (ICITSS) MCS Course,AdvICITSSMCS__JAMSHEDPUR_10,0,28/10/2026,17/11/2026,10-0-AM to 5-0-PM,JAMSHEDPUR,Advanced (ICITSS) MCS Course,General,
Central,Rajsamand,Advanced (ICITSS) MCS Course,AdvICITSSMCS__Rajsamand_1,50,19/10/2026,05/11/2026,10-0-AM to 4-30-PM,Rajsamand,Advanced (ICITSS) MCS Course,General,
Central,MEERUT,Advanced (ICITSS) MCS Course,AdvICITSSMCS__MEERUT_15,0,19/10/2026,06/11/2026,10-0-AM to 4-30-PM,MEERUT,Advanced (ICITSS) MCS Course,General,
Central,MEERUT,Advanced (ICITSS) MCS Course,AdvICITSSMCS__MEERUT_17,18,12/11/2026,30/11/2026,10-0-AM to 4-30-PM,MEERUT,Advanced (ICITSS) MCS Course,General,
Central,MEERUT,Advanced (ICITSS) MCS Course,AdvICITSSMCS__MEERUT_16,9,01/12/2026,17/12/2026,10-0-AM to 4-30-PM,MEERUT,Advanced (ICITSS) MCS Course,General,
Central,JODHPUR,Advanced (ICITSS) MCS Course,AdvICITSSMCS__JODHPUR_21,0,19/10/2026,05/11/2026,11-0-AM to 5-30-PM,JODHPUR,Advanced (ICITSS) MCS Course,General,
Central,JODHPUR,Advanced (ICITSS) MCS Course,AdvICITSSMCS__JODHPUR_22,30,13/11/2026,30/11/2026,11-0-AM to 5-30-PM,JODHPUR,Advanced (ICITSS) MCS Course,General,
Central,KANPUR,Advanced (ICITSS) MCS Course,AdvICITSSMCS__KANPUR_14,0,19/10/2026,06/11/2026,10-0-AM to 5-0-PM,KANPUR,Advanced (ICITSS) MCS Course,General,
Central,MORADABAD,Advanced (ICITSS) MCS Course,AdvICITSSMCS__MORADABAD_4,46,05/11/2026,23/11/2026,10-30-AM to 4-30-PM,MORADABAD,Advanced (ICITSS) MCS Course,General,
Central,LUCKNOW,Advanced (ICITSS) MCS Course,AdvICITSSMCS__LUCKNOW_23,0,19/10/2026,05/11/2026,10-0-AM to 4-30-PM,LUCKNOW,Advanced (ICITSS) MCS Course,General,
Central,LUCKNOW,Advanced (ICITSS) MCS Course,AdvICITSSMCS__LUCKNOW_24,0,12/11/2026,29/11/2026,10-0-AM to 4-30-PM,LUCKNOW,Advanced (ICITSS) MCS Course,General,
Central,PATNA,Advanced (ICITSS) MCS Course,AdvICITSSMCS__PATNA_20,0,22/10/2026,06/11/2026,10-0-AM to 4-30-PM,PATNA,Advanced (ICITSS) MCS Course,General,
Central,PATNA,Advanced (ICITSS) MCS Course,AdvICITSSMCS__PATNA_21,0,30/11/2026,16/12/2026,10-0-AM to 4-30-PM,PATNA,Advanced (ICITSS) MCS Course,General,
Central,PRAYAGRAJ,Advanced (ICITSS) MCS Course,AdvICITSSMCS__PRAYAGRAJ_10,40,02/12/2026,16/12/2026,1-30-PM to 8-0-PM,PRAYAGRAJ,Advanced (ICITSS) MCS Course,General,
Central,RAIPUR,Advanced (ICITSS) MCS Course,AdvICITSSMCS__RAIPUR_31,0,22/10/2026,05/11/2026,10-30-AM to 5-30-PM,RAIPUR,Advanced (ICITSS) MCS Course,General,
Central,RAIPUR,Advanced (ICITSS) MCS Course,AdvICITSSMCS__RAIPUR_32,0,13/11/2026,30/11/2026,10-30-AM to 5-30-PM,RAIPUR,Advanced (ICITSS) MCS Course,General,
Central,KOTA,Advanced (ICITSS) MCS Course,AdvICITSSMCS__KOTA_13,0,23/10/2026,06/11/2026,11-0-AM to 5-30-PM,KOTA,Advanced (ICITSS) MCS Course,General,
Central,KOTA,Advanced (ICITSS) MCS Course,AdvICITSSMCS__KOTA_14,47,12/11/2026,30/11/2026,11-0-AM to 5-30-PM,KOTA,Advanced (ICITSS) MCS Course,General,
Central,MATHURA,Advanced (ICITSS) MCS Course,AdvICITSSMCS__MATHURA_9,0,19/10/2026,05/11/2026,10-30-AM to 4-30-PM,MATHURA,Advanced (ICITSS) MCS Course,General,
Central,MATHURA,Advanced (ICITSS) MCS Course,AdvICITSSMCS__MATHURA_10,46,25/11/2026,11/12/2026,10-30-AM to 4-30-PM,MATHURA,Advanced (ICITSS) MCS Course,General,
Eastern,ASANSOL,Advanced (ICITSS) MCS Course,AdvICITSSMCS__ASANSOL_5,50,19/11/2026,06/12/2026,10-15-AM to 4-30-PM,ASANSOL,Advanced (ICITSS) MCS Course,General,
Central,SAHARANPUR,Advanced (ICITSS) MCS Course,AdvICITSSMCS__SAHARANPUR_7,34,27/10/2026,12/11/2026,10-0-AM to 4-0-PM,SAHARANPUR,Advanced (ICITSS) MCS Course,General,
Central,VARANASI,Advanced (ICITSS) MCS Course,AdvICITSSMCS__VARANASI_21,18,19/10/2026,05/11/2026,11-0-AM to 5-0-PM,VARANASI,Advanced (ICITSS) MCS Course,General,
Central,UDAIPUR,Advanced (ICITSS) MCS Course,AdvICITSSMCS__UDAIPUR_21,0,16/11/2026,03/12/2026,8-0-AM to 2-0-PM,UDAIPUR,Advanced (ICITSS) MCS Course,General,
Central,UDAIPUR,Advanced (ICITSS) MCS Course,AdvICITSSMCS__UDAIPUR_22,0,16/11/2026,03/12/2026,2-0-PM to 8-0-PM,UDAIPUR,Advanced (ICITSS) MCS Course,General,
Central,SIKAR,Advanced (ICITSS) MCS Course,AdvICITSSMCS__SIKAR_10,15,16/11/2026,03/12/2026,10-0-AM to 5-0-PM,SIKAR,Advanced (ICITSS) MCS Course,General,
Central,SRIGANGANAGAR,Advanced (ICITSS) MCS Course,AdvICITSSMCS__SRIGANGANAGAR_7,37,20/10/2026,05/11/2026,10-0-AM to 4-0-PM,SRIGANGANAGAR,Advanced (ICITSS) MCS Course,General,
Central,GHAZIABAD,ICITSS - Information Technology,ICITSSITT__GHAZIABAD_82,25,26/10/2026,17/11/2026,8-0-AM to 2-0-PM,GHAZIABAD,ICITSS - Information Technology,General,24/09/2026
Central,DEHRADUN,ICITSS - Information Technology,ICITSSITT__DEHRADUN_22,18,16/11/2026,03/12/2026,10-0-AM to 4-0-PM,DEHRADUN,ICITSS - Information Technology,General,07/09/2026
Central,Haldwani,ICITSS - Information Technology,ICITSSITT__Haldwani_5,7,12/11/2026,30/11/2026,11-0-AM to 5-0-PM,Haldwani,ICITSS - Information Technology,General,01/10/2026
Central,INDORE,AICITSS - Advanced Information Technology,AICITSSAdvITT__INDORE_80,0,22/10/2026,07/11/2026,7-0-AM to 1-0-PM,INDORE,AICITSS - Advanced Information Technology,General,
Central,JABALPUR,AICITSS - Advanced Information Technology,AICITSSAdvITT__JABALPUR_18,0,12/10/2026,29/10/2026,11-0-AM to 5-0-PM,JABALPUR,AICITSS - Advanced Information Technology,General,
Central,KISHANGARH,AICITSS - Advanced Information Technology,AICITSSAdvITT__KISHANGARH_13,10,17/11/2026,05/12/2026,10-0-AM to 4-0-PM,KISHANGARH,AICITSS - Advanced Information Technology,General,25/09/2026
Central,JAIPUR,AICITSS - Advanced Information Technology,AICITSSAdvITT__JAIPUR_96,0,21/10/2026,06/11/2026,7-0-AM to 1-0-PM,JAIPUR,AICITSS - Advanced Information Technology,General,
Central,JAIPUR,AICITSS - Advanced Information Technology,AICITSSAdvITT__JAIPUR_97,0,21/10/2026,06/11/2026,1-0-PM to 7-0-PM,JAIPUR,AICITSS - Advanced Information Technology,General,
Central,JAIPUR,AICITSS - Advanced Information Technology,AICITSSAdvITT__JAIPUR_98,0,02/11/2026,26/11/2026,10-30-AM to 4-30-PM,JAIPUR,AICITSS - Advanced Information Technology,General,
Central,JAIPUR,AICITSS - Advanced Information Technology,AICITSSAdvITT__JAIPUR_100,0,27/11/2026,14/12/2026,10-30-AM to 4-30-PM,JAIPUR,AICITSS - Advanced Information Technology,General,
Central,JAIPUR,AICITSS - Advanced Information Technology,AICITSSAdvITT__JAIPUR_101,0,30/11/2026,16/12/2026,10-30-AM to 4-30-PM,JAIPUR,AICITSS - Advanced Information Technology,General,
Central,MUZAFFARNAGAR,AICITSS - Advanced Information Technology,AICITSSAdvITT__MUZAFFARNAGAR_9,0,15/10/2026,03/11/2026,10-0-AM to 4-0-PM,MUZAFFARNAGAR,AICITSS - Advanced Information Technology,General,
Central,RANCHI,AICITSS - Advanced Information Technology,AICITSSAdvITT__RANCHI_28,0,15/10/2026,04/11/2026,7-30-AM to 1-30-PM,RANCHI,AICITSS - Advanced Information Technology,General,
Central,RANCHI,AICITSS - Advanced Information Technology,AICITSSAdvITT__RANCHI_29,0,05/11/2026,25/11/2026,7-30-AM to 1-30-PM,RANCHI,AICITSS - Advanced Information Technology,General,
Central,GHAZIABAD,ICITSS - Orientation Course,ICITSSOC__GHAZIABAD_40,49,27/10/2026,16/11/2026,2-0-PM to 8-0-PM,GHAZIABAD,ICITSS - Orientation Course,General,
Central,JHANSI,AICITSS - Advanced Information Technology,AICITSSAdvITT__JHANSI_3,19,02/11/2026,21/11/2026,11-0-AM to 5-0-PM,JHANSI,AICITSS - Advanced Information Technology,General,08/09/2026
Central,JODHPUR,AICITSS - Advanced Information Technology,AICITSSAdvITT__JODHPUR_29,1,19/10/2026,06/11/2026,7-0-AM to 1-0-PM,JODHPUR,AICITSS - Advanced Information Technology,General,31/08/2026
Central,JODHPUR,AICITSS - Advanced Information Technology,AICITSSAdvITT__JODHPUR_30,11,11/11/2026,28/11/2026,7-0-AM to 1-0-PM,JODHPUR,AICITSS - Advanced Information Technology,General,22/09/2026
Central,JODHPUR,AICITSS - Advanced Information Technology,AICITSSAdvITT__JODHPUR_31,21,01/12/2026,17/12/2026,7-0-AM to 1-0-PM,JODHPUR,AICITSS - Advanced Information Technology,General,03/10/2026
Central,MORADABAD,AICITSS - Advanced Information Technology,AICITSSAdvITT__MORADABAD_7,0,18/10/2026,04/11/2026,10-30-AM to 4-30-PM,MORADABAD,AICITSS - Advanced Information Technology,General,
Central,MEERUT,AICITSS - Advanced Information Technology,AICITSSAdvITT__MEERUT_14,0,12/11/2026,30/11/2026,10-0-AM to 4-0-PM,MEERUT,AICITSS - Advanced Information Technology,General,
Central,MEERUT,AICITSS - Advanced Information Technology,AICITSSAdvITT__MEERUT_15,10,01/12/2026,17/12/2026,10-0-AM to 4-0-PM,MEERUT,AICITSS - Advanced Information Technology,General,30/09/2026
Central,Haldwani,ICITSS - Orientation Course,ICITSSOC__Haldwani_6,5,19/10/2026,05/11/2026,11-0-AM to 5-0-PM,Haldwani,ICITSS - Orientation Course,General,
Central,DEHRADUN,ICITSS - Orientation Course,ICITSSOC__DEHRADUN_13,30,16/11/2026,03/12/2026,10-0-AM to 5-0-PM,DEHRADUN,ICITSS - Orientation Course,General,
Central,GautamBudhaNagar,ICITSS - Orientation Course,ICITSSOC__GautamBudhaNagar_44,29,12/10/2026,28/10/2026,10-0-AM to 5-0-PM,GautamBudhaNagar,ICITSS - Orientation Course,General,
Eastern,ASANSOL,AICITSS - Advanced Information Technology,AICITSSAdvITT__ASANSOL_7,0,28/10/2026,17/11/2026,10-0-AM to 4-0-PM,ASANSOL,AICITSS - Advanced Information Technology,General,
Eastern,ASANSOL,AICITSS - Advanced Information Technology,AICITSSAdvITT__ASANSOL_8,15,09/12/2026,27/12/2026,10-0-AM to 4-0-PM,ASANSOL,AICITSS - Advanced Information Technology,General,24/09/2026
Central,KOTA,AICITSS - Advanced Information Technology,AICITSSAdvITT__KOTA_18,0,12/11/2026,30/11/2026,11-0-AM to 5-0-PM,KOTA,AICITSS - Advanced Information Technology,General,
Central,KOTA,AICITSS - Advanced Information Technology,AICITSSAdvITT__KOTA_19,37,01/12/2026,16/12/2026,11-0-AM to 5-0-PM,KOTA,AICITSS - Advanced Information Technology,General,19/09/2026
Central,PATNA,AICITSS - Advanced Information Technology,AICITSSAdvITT__PATNA_24,0,10/11/2026,28/11/2026,9-30-AM to 3-30-PM,PATNA,AICITSS - Advanced Information Technology,General,
Central,PRAYAGRAJ,AICITSS - Advanced Information Technology,AICITSSAdvITT__PRAYAGRAJ_9,27,17/11/2026,01/12/2026,7-0-AM to 1-0-PM,PRAYAGRAJ,AICITSS - Advanced Information Technology,General,20/08/2026
Central,HARIDWAR,AICITSS - Advanced Information Technology,AICITSSAdvITT__HARIDWAR_1,18,24/10/2026,12/11/2026,10-0-AM to 4-0-PM,HARIDWAR,AICITSS - Advanced Information Technology,General,16/02/2026
Central,GWALIOR,ICITSS - Orientation Course,ICITSSOC__GWALIOR_7,31,12/10/2026,03/11/2026,1-0-AM to 1-0-AM,GWALIOR,ICITSS - Orientation Course,General,
Central,RAIPUR,AICITSS - Advanced Information Technology,AICITSSAdvITT__RAIPUR_54,0,22/10/2026,05/11/2026,10-30-AM to 4-30-PM,RAIPUR,AICITSS - Advanced Information Technology,General,
Central,SIKAR,AICITSS - Advanced Information Technology,AICITSSAdvITT__SIKAR_14,0,07/12/2026,23/12/2026,10-0-AM to 4-0-PM,SIKAR,AICITSS - Advanced Information Technology,General,
Central,SIKAR,AICITSS - Advanced Information Technology,AICITSSAdvITT__SIKAR_15,0,24/12/2026,11/01/2027,10-0-AM to 4-0-PM,SIKAR,AICITSS - Advanced Information Technology,General,
Central,PALI,AICITSS - Advanced Information Technology,AICITSSAdvITT__PALI_3,19,25/11/2026,11/12/2026,10-30-AM to 4-30-PM,PALI,AICITSS - Advanced Information Technology,General,12/08/2025
Central,VARANASI,AICITSS - Advanced Information Technology,AICITSSAdvITT__VARANASI_21,0,19/11/2026,07/12/2026,11-0-AM to 5-0-PM,VARANASI,AICITSS - Advanced Information Technology,General,
Central,KISHANGARH,ICITSS - Information Technology,ICITSSITT__KISHANGARH_18,11,26/10/2026,14/11/2026,10-0-AM to 4-0-PM,KISHANGARH,ICITSS - Information Technology,General,01/09/2026
Central,JABALPUR,ICITSS - Information Technology,ICITSSITT__JABALPUR_24,0,02/11/2026,19/11/2026,11-0-AM to 5-0-PM,JABALPUR,ICITSS - Information Technology,General,
Central,JAIPUR,ICITSS - Information Technology,ICITSSITT__JAIPUR_133,0,15/10/2026,31/10/2026,10-30-AM to 4-30-PM,JAIPUR,ICITSS - Information Technology,General,
Central,JAIPUR,ICITSS - Information Technology,ICITSSITT__JAIPUR_134,0,02/11/2026,26/11/2026,10-30-AM to 4-30-PM,JAIPUR,ICITSS - Information Technology,General,
Central,JODHPUR,ICITSS - Information Technology,ICITSSITT__JODHPUR_42,0,15/10/2026,30/10/2026,8-0-AM to 2-0-PM,JODHPUR,ICITSS - Information Technology,General,
Central,MEERUT,ICITSS - Information Technology,ICITSSITT__MEERUT_26,9,21/10/2026,07/11/2026,10-0-AM to 4-0-PM,MEERUT,ICITSS - Information Technology,General,15/09/2026
Eastern,ASANSOL,ICITSS - Information Technology,ICITSSITT__ASANSOL_10,15,19/11/2026,06/12/2026,10-0-AM to 4-0-PM,ASANSOL,ICITSS - Information Technology,General,24/09/2026
Eastern,ASANSOL,ICITSS - Information Technology,ICITSSITT__ASANSOL_11,15,19/11/2026,06/12/2026,10-0-AM to 4-0-PM,ASANSOL,ICITSS - Information Technology,General,25/09/2026
Central,RANCHI,ICITSS - Information Technology,ICITSSITT__RANCHI_55,0,12/10/2026,03/11/2026,1-30-PM to 7-30-PM,RANCHI,ICITSS - Information Technology,General,
Central,SAHARANPUR,AICITSS - Advanced Information Technology,AICITSSAdvITT__SAHARANPUR_8,8,23/11/2026,12/12/2026,10-0-AM to 4-0-PM,SAHARANPUR,AICITSS - Advanced Information Technology,General,26/09/2026
Central,RAIPUR,ICITSS - Information Technology,ICITSSITT__RAIPUR_58,0,22/10/2026,05/11/2026,10-30-AM to 4-30-PM,RAIPUR,ICITSS - Information Technology,General,
Central,HARIDWAR,ICITSS - Information Technology,ICITSSITT__HARIDWAR_6,15,23/11/2026,10/12/2026,10-0-AM to 4-0-PM,HARIDWAR,ICITSS - Information Technology,General,29/09/2026
Central,KOTA,ICITSS - Information Technology,ICITSSITT__KOTA_30,4,23/10/2026,06/11/2026,11-0-AM to 5-0-PM,KOTA,ICITSS - Information Technology,General,06/08/2026
Central,MATHURA,ICITSS - Information Technology,ICITSSITT__MATHURA_14,0,19/10/2026,05/11/2026,10-30-AM to 4-30-PM,MATHURA,ICITSS - Information Technology,General,
Central,MATHURA,ICITSS - Information Technology,ICITSSITT__MATHURA_15,19,25/11/2026,11/12/2026,10-30-AM to 4-30-PM,MATHURA,ICITSS - Information Technology,General,25/09/2026
Central,SIKAR,ICITSS - Information Technology,ICITSSITT__SIKAR_30,0,23/10/2026,06/11/2026,10-0-AM to 4-0-PM,SIKAR,ICITSS - Information Technology,General,
Central,SIKAR,ICITSS - Information Technology,ICITSSITT__SIKAR_31,6,16/11/2026,03/12/2026,10-0-AM to 4-0-PM,SIKAR,ICITSS - Information Technology,General,16/09/2026
Central,VARANASI,ICITSS - Information Technology,ICITSSITT__VARANASI_30,0,16/10/2026,03/11/2026,11-0-AM to 5-0-PM,VARANASI,ICITSS - Information Technology,General,
Central,PATNA,ICITSS - Information Technology,ICITSSITT__PATNA_46,0,22/10/2026,06/11/2026,9-30-AM to 3-30-PM,PATNA,ICITSS - Information Technology,General,
Eastern,GUWAHATI,Advanced (ICITSS) MCS Course,AdvICITSSMCS__GUWAHATI_14,0,02/11/2026,21/11/2026,10-0-AM to 4-30-PM,GUWAHATI,Advanced (ICITSS) MCS Course,General,
Eastern,EIRC,Advanced (ICITSS) MCS Course,AdvICITSSMCS__EIRC_126,0,23/10/2026,13/11/2026,7-45-AM to 2-15-PM,EIRC,Advanced (ICITSS) MCS Course,General,
Eastern,EIRC,Advanced (ICITSS) MCS Course,AdvICITSSMCS__EIRC_127,0,23/10/2026,13/11/2026,7-45-AM to 2-15-PM,EIRC,Advanced (ICITSS) MCS Course,General,
Eastern,EIRC,Advanced (ICITSS) MCS Course,AdvICITSSMCS__EIRC_128,0,23/10/2026,13/11/2026,2-30-PM to 9-0-PM,EIRC,Advanced (ICITSS) MCS Course,General,
Eastern,EIRC,Advanced (ICITSS) MCS Course,AdvICITSSMCS__EIRC_129,0,23/10/2026,13/11/2026,2-30-PM to 9-0-PM,EIRC,Advanced (ICITSS) MCS Course,General,
Eastern,EIRC,Advanced (ICITSS) MCS Course,AdvICITSSMCS__EIRC_136,0,29/10/2026,19/11/2026,7-45-AM to 2-15-PM,EIRC,Advanced (ICITSS) MCS Course,General,
Eastern,EIRC,Advanced (ICITSS) MCS Course,AdvICITSSMCS__EIRC_137,39,29/10/2026,19/11/2026,2-30-PM to 9-0-PM,EIRC,Advanced (ICITSS) MCS Course,General,
Eastern,EIRC,Advanced (ICITSS) MCS Course,AdvICITSSMCS__EIRC_130,0,16/11/2026,03/12/2026,7-45-AM to 2-15-PM,EIRC,Advanced (ICITSS) MCS Course,General,
Eastern,EIRC,Advanced (ICITSS) MCS Course,AdvICITSSMCS__EIRC_131,0,16/11/2026,03/12/2026,2-30-PM to 9-0-PM,EIRC,Advanced (ICITSS) MCS Course,General,
Eastern,EIRC,Advanced (ICITSS) MCS Course,AdvICITSSMCS__EIRC_132,0,16/11/2026,03/12/2026,7-45-AM to 2-15-PM,EIRC,Advanced (ICITSS) MCS Course,General,
Eastern,EIRC,Advanced (ICITSS) MCS Course,AdvICITSSMCS__EIRC_133,0,16/11/2026,03/12/2026,2-30-PM to 9-0-PM,EIRC,Advanced (ICITSS) MCS Course,General,
Eastern,EIRC,Advanced (ICITSS) MCS Course,AdvICITSSMCS__EIRC_134,0,04/12/2026,24/12/2026,7-45-AM to 2-15-PM,EIRC,Advanced (ICITSS) MCS Course,General,
Eastern,EIRC,Advanced (ICITSS) MCS Course,AdvICITSSMCS__EIRC_135,0,04/12/2026,24/12/2026,2-30-PM to 9-0-PM,EIRC,Advanced (ICITSS) MCS Course,General,
Central,JABALPUR,ICITSS - Orientation Course,ICITSSOC__JABALPUR_10,9,12/10/2026,29/10/2026,11-0-AM to 5-0-PM,JABALPUR,ICITSS - Orientation Course,General,
Eastern,SILIGURI,Advanced (ICITSS) MCS Course,AdvICITSSMCS__SILIGURI_16,0,16/11/2026,03/12/2026,10-30-AM to 5-15-PM,SILIGURI,Advanced (ICITSS) MCS Course,General,
Eastern,SILIGURI,Advanced (ICITSS) MCS Course,AdvICITSSMCS__SILIGURI_17,30,23/12/2026,09/01/2027,10-30-AM to 5-15-PM,SILIGURI,Advanced (ICITSS) MCS Course,General,
Central,JAIPUR,ICITSS - Orientation Course,ICITSSOC__JAIPUR_117,0,12/10/2026,30/10/2026,10-0-AM to 5-0-PM,JAIPUR,ICITSS - Orientation Course,General,
Central,JAIPUR,ICITSS - Orientation Course,ICITSSOC__JAIPUR_118,0,16/10/2026,04/11/2026,10-0-AM to 5-0-PM,JAIPUR,ICITSS - Orientation Course,General,
Central,INDORE,ICITSS - Orientation Course,ICITSSOC__INDORE_112,0,15/10/2026,02/11/2026,10-0-AM to 5-0-PM,INDORE,ICITSS - Orientation Course,General,
Central,JHANSI,ICITSS - Orientation Course,ICITSSOC__JHANSI_1,10,21/10/2026,05/11/2026,11-0-AM to 5-30-PM,JHANSI,ICITSS - Orientation Course,General,
Central,KANPUR,ICITSS - Orientation Course,ICITSSOC__KANPUR_19,0,09/11/2026,25/11/2026,10-0-AM to 5-0-PM,KANPUR,ICITSS - Orientation Course,General,
Eastern,ASANSOL,ICITSS - Orientation Course,ICITSSOC__ASANSOL_4,50,28/10/2026,17/11/2026,10-30-AM to 5-0-PM,ASANSOL,ICITSS - Orientation Course,General,
Central,RANCHI,ICITSS - Orientation Course,ICITSSOC__RANCHI_28,40,12/10/2026,02/11/2026,10-30-AM to 5-30-PM,RANCHI,ICITSS - Orientation Course,General,
Central,SAHARANPUR,ICITSS - Information Technology,ICITSSITT__SAHARANPUR_14,7,27/10/2026,12/11/2026,10-0-AM to 4-0-PM,SAHARANPUR,ICITSS - Information Technology,General,26/09/2026
Central,PRAYAGRAJ,ICITSS - Orientation Course,ICITSSOC__PRAYAGRAJ_16,0,21/10/2026,04/11/2026,1-30-PM to 8-0-PM,PRAYAGRAJ,ICITSS - Orientation Course,General,
Central,HARIDWAR,ICITSS - Orientation Course,ICITSSOC__HARIDWAR_6,12,26/10/2026,15/11/2026,10-0-AM to 5-0-PM,HARIDWAR,ICITSS - Orientation Course,General,
Central,SIKAR,ICITSS - Orientation Course,ICITSSOC__SIKAR_19,43,23/10/2026,06/11/2026,10-0-AM to 5-0-PM,SIKAR,ICITSS - Orientation Course,General,
Central,PATNA,ICITSS - Orientation Course,ICITSSOC__PATNA_41,39,10/11/2026,28/11/2026,10-0-AM to 4-30-PM,PATNA,ICITSS - Orientation Course,General,
Central,PALI,ICITSS - Orientation Course,ICITSSOC__PALI_3,30,30/11/2026,16/12/2026,10-30-AM to 5-0-PM,PALI,ICITSS - Orientation Course,General,
Central,SRIGANGANAGAR,ICITSS - Orientation Course,ICITSSOC__SRIGANGANAGAR_8,44,23/10/2026,09/11/2026,10-0-AM to 4-0-PM,SRIGANGANAGAR,ICITSS - Orientation Course,General,
Central,MEERUT,ICITSS - Orientation Course,ICITSSOC__MEERUT_20,43,12/11/2026,30/11/2026,10-0-AM to 4-30-PM,MEERUT,ICITSS - Orientation Course,General,
Central,Rajsamand,ICITSS - Orientation Course,ICITSSOC__Rajsamand_1,45,13/10/2026,30/10/2026,10-0-AM to 4-30-PM,Rajsamand,ICITSS - Orientation Course,General,
Eastern,BHUBANESWAR,Advanced (ICITSS) MCS Course,AdvICITSSMCS__BHUBANESWAR_20,0,28/10/2026,14/11/2026,10-0-AM to 5-0-PM,BHUBANESWAR,Advanced (ICITSS) MCS Course,General,
Northern,AMBALA,Advanced (ICITSS) MCS Course,AdvICITSSMCS__AMBALA_13,9,24/10/2026,07/11/2026,10-0-AM to 4-0-PM,AMBALA,Advanced (ICITSS) MCS Course,General,
Central,JODHPUR,ICITSS - Orientation Course,ICITSSOC__JODHPUR_36,16,17/10/2026,02/11/2026,9-0-AM to 3-30-PM,JODHPUR,ICITSS - Orientation Course,General,
Eastern,KOLKATA,AICITSS - Advanced Information Technology,AICITSSAdvITT__KOLKATA_151,0,23/10/2026,07/11/2026,2-30-PM to 8-30-PM,KOLKATA,AICITSS - Advanced Information Technology,General,
Eastern,KOLKATA,AICITSS - Advanced Information Technology,AICITSSAdvITT__KOLKATA_152,0,23/10/2026,07/11/2026,8-0-AM to 2-0-PM,KOLKATA,AICITSS - Advanced Information Technology,General,
Eastern,KOLKATA,AICITSS - Advanced Information Technology,AICITSSAdvITT__KOLKATA_153,0,23/10/2026,07/11/2026,8-0-AM to 2-0-PM,KOLKATA,AICITSS - Advanced Information Technology,General,
Eastern,KOLKATA,AICITSS - Advanced Information Technology,AICITSSAdvITT__KOLKATA_154,5,23/10/2026,07/11/2026,2-30-PM to 8-30-PM,KOLKATA,AICITSS - Advanced Information Technology,General,21/08/2026
Eastern,KOLKATA,AICITSS - Advanced Information Technology,AICITSSAdvITT__KOLKATA_163,1,03/11/2026,20/11/2026,8-0-AM to 2-0-PM,KOLKATA,AICITSS - Advanced Information Technology,General,15/09/2026
Eastern,KOLKATA,AICITSS - Advanced Information Technology,AICITSSAdvITT__KOLKATA_164,5,03/11/2026,20/11/2026,2-30-PM to 8-30-PM,KOLKATA,AICITSS - Advanced Information Technology,General,20/09/2026
Eastern,KOLKATA,AICITSS - Advanced Information Technology,AICITSSAdvITT__KOLKATA_155,0,09/11/2026,27/11/2026,8-0-AM to 2-0-PM,KOLKATA,AICITSS - Advanced Information Technology,General,
Eastern,KOLKATA,AICITSS - Advanced Information Technology,AICITSSAdvITT__KOLKATA_156,0,09/11/2026,27/11/2026,2-30-PM to 8-30-PM,KOLKATA,AICITSS - Advanced Information Technology,General,
Eastern,KOLKATA,AICITSS - Advanced Information Technology,AICITSSAdvITT__KOLKATA_157,0,14/11/2026,30/11/2026,8-0-AM to 2-0-PM,KOLKATA,AICITSS - Advanced Information Technology,General,
Eastern,KOLKATA,AICITSS - Advanced Information Technology,AICITSSAdvITT__KOLKATA_158,0,14/11/2026,30/11/2026,2-30-PM to 8-30-PM,KOLKATA,AICITSS - Advanced Information Technology,General,
Eastern,KOLKATA,AICITSS - Advanced Information Technology,AICITSSAdvITT__KOLKATA_165,0,25/11/2026,12/12/2026,8-0-AM to 2-0-PM,KOLKATA,AICITSS - Advanced Information Technology,General,
Eastern,KOLKATA,AICITSS - Advanced Information Technology,AICITSSAdvITT__KOLKATA_166,24,25/11/2026,12/12/2026,2-30-PM to 8-30-PM,KOLKATA,AICITSS - Advanced Information Technology,General,07/10/2026
Eastern,KOLKATA,AICITSS - Advanced Information Technology,AICITSSAdvITT__KOLKATA_159,0,04/12/2026,22/12/2026,8-0-AM to 2-0-PM,KOLKATA,AICITSS - Advanced Information Technology,General,
Eastern,KOLKATA,AICITSS - Advanced Information Technology,AICITSSAdvITT__KOLKATA_160,0,04/12/2026,22/12/2026,2-30-PM to 8-30-PM,KOLKATA,AICITSS - Advanced Information Technology,General,
Eastern,KOLKATA,AICITSS - Advanced Information Technology,AICITSSAdvITT__KOLKATA_161,0,04/12/2026,22/12/2026,8-0-AM to 2-0-PM,KOLKATA,AICITSS - Advanced Information Technology,General,
Eastern,KOLKATA,AICITSS - Advanced Information Technology,AICITSSAdvITT__KOLKATA_162,0,04/12/2026,22/12/2026,2-30-PM to 8-30-PM,KOLKATA,AICITSS - Advanced Information Technology,General,
Eastern,SILIGURI,AICITSS - Advanced Information Technology,AICITSSAdvITT__SILIGURI_16,0,22/10/2026,07/11/2026,10-30-AM to 4-30-PM,SILIGURI,AICITSS - Advanced Information Technology,General,
Eastern,SILIGURI,AICITSS - Advanced Information Technology,AICITSSAdvITT__SILIGURI_17,18,05/12/2026,22/12/2026,10-30-AM to 4-30-PM,SILIGURI,AICITSS - Advanced Information Technology,General,16/09/2026
Northern,FARIDABAD,Advanced (ICITSS) MCS Course,AdvICITSSMCS__FARIDABAD_49,0,22/10/2026,07/11/2026,8-0-AM to 2-0-PM,FARIDABAD,Advanced (ICITSS) MCS Course,General,
Northern,FARIDABAD,Advanced (ICITSS) MCS Course,AdvICITSSMCS__FARIDABAD_50,0,22/10/2026,07/11/2026,2-0-PM to 8-0-PM,FARIDABAD,Advanced (ICITSS) MCS Course,General,
Northern,REWARI,Advanced (ICITSS) MCS Course,AdvICITSSMCS__REWARI_7,0,21/10/2026,07/11/2026,10-0-AM to 4-0-PM,REWARI,Advanced (ICITSS) MCS Course,General,
Northern,REWARI,Advanced (ICITSS) MCS Course,AdvICITSSMCS__REWARI_8,17,11/11/2026,28/11/2026,10-0-AM to 4-0-PM,REWARI,Advanced (ICITSS) MCS Course,General,
Northern,Gurugram,Advanced (ICITSS) MCS Course,AdvICITSSMCS__Gurugram_80,0,19/10/2026,03/11/2026,8-30-AM to 2-30-PM,Gurugram,Advanced (ICITSS) MCS Course,General,
Northern,Gurugram,Advanced (ICITSS) MCS Course,AdvICITSSMCS__Gurugram_82,0,19/10/2026,03/11/2026,8-30-AM to 2-30-PM,Gurugram,Advanced (ICITSS) MCS Course,General,
Northern,Gurugram,Advanced (ICITSS) MCS Course,AdvICITSSMCS__Gurugram_84,29,22/10/2026,05/11/2026,8-30-AM to 2-30-PM,Gurugram,Advanced (ICITSS) MCS Course,General,
Northern,Gurugram,Advanced (ICITSS) MCS Course,AdvICITSSMCS__Gurugram_81,0,02/11/2026,20/11/2026,8-30-AM to 2-30-PM,Gurugram,Advanced (ICITSS) MCS Course,General,
Northern,Gurugram,Advanced (ICITSS) MCS Course,AdvICITSSMCS__Gurugram_83,30,06/11/2026,23/11/2026,8-30-AM to 2-30-PM,Gurugram,Advanced (ICITSS) MCS Course,General,
Northern,CHANDIGARH,Advanced (ICITSS) MCS Course,AdvICITSSMCS__CHANDIGARH_42,0,21/10/2026,10/11/2026,1-0-PM to 7-0-PM,CHANDIGARH,Advanced (ICITSS) MCS Course,General,
Northern,CHANDIGARH,Advanced (ICITSS) MCS Course,AdvICITSSMCS__CHANDIGARH_43,0,21/10/2026,10/11/2026,1-0-PM to 7-0-PM,CHANDIGARH,Advanced (ICITSS) MCS Course,General,
Southern,KOTTAYAM,Advanced (ICITSS) MCS Course,AdvICITSSMCS__KOTTAYAM_14,39,30/11/2026,18/12/2026,10-0-AM to 5-0-PM,KOTTAYAM,Advanced (ICITSS) MCS Course,General,
Southern,Belagavi,Advanced (ICITSS) MCS Course,AdvICITSSMCS__Belagavi_18,25,12/11/2026,30/11/2026,10-30-AM to 5-30-PM,Belagavi,Advanced (ICITSS) MCS Course,General,
Eastern,KOLKATA,ICITSS - Information Technology,ICITSSITT__KOLKATA_231,11,03/11/2026,20/11/2026,8-0-AM to 2-0-PM,KOLKATA,ICITSS - Information Technology,General,16/09/2026
Eastern,KOLKATA,ICITSS - Information Technology,ICITSSITT__KOLKATA_232,31,03/11/2026,20/11/2026,2-30-PM to 8-30-PM,KOLKATA,ICITSS - Information Technology,General,23/09/2026
Northern,SANGRUR,Advanced (ICITSS) MCS Course,AdvICITSSMCS__SANGRUR_11,3,23/10/2026,07/11/2026,9-30-AM to 3-30-PM,SANGRUR,Advanced (ICITSS) MCS Course,General,
Southern,CHENNAI,Advanced (ICITSS) MCS Course,AdvICITSSMCS__CHENNAI_130,0,22/10/2026,06/11/2026,7-0-AM to 1-30-PM,CHENNAI,Advanced (ICITSS) MCS Course,General,
Southern,CHENNAI,Advanced (ICITSS) MCS Course,AdvICITSSMCS__CHENNAI_131,0,22/10/2026,06/11/2026,1-45-PM to 8-15-PM,CHENNAI,Advanced (ICITSS) MCS Course,General,
Southern,CHENNAI,Advanced (ICITSS) MCS Course,AdvICITSSMCS__CHENNAI_132,0,22/10/2026,06/11/2026,7-0-AM to 1-30-PM,CHENNAI,Advanced (ICITSS) MCS Course,General,
Southern,CHENNAI,Advanced (ICITSS) MCS Course,AdvICITSSMCS__CHENNAI_133,0,22/10/2026,06/11/2026,1-45-PM to 8-15-PM,CHENNAI,Advanced (ICITSS) MCS Course,General,
Southern,Kollam,Advanced (ICITSS) MCS Course,AdvICITSSMCS__Kollam_12,48,02/11/2026,18/11/2026,9-30-AM to 4-30-PM,Kollam,Advanced (ICITSS) MCS Course,General,
Southern,ERNAKULAM,Advanced (ICITSS) MCS Course,AdvICITSSMCS__ERNAKULAM_29,0,02/11/2026,18/11/2026,9-30-AM to 4-30-PM,ERNAKULAM,Advanced (ICITSS) MCS Course,General,
Southern,ERNAKULAM,Advanced (ICITSS) MCS Course,AdvICITSSMCS__ERNAKULAM_30,26,02/11/2026,18/11/2026,9-30-AM to 4-30-PM,ERNAKULAM,Advanced (ICITSS) MCS Course,General,
Northern,JALANDHAR,Advanced (ICITSS) MCS Course,AdvICITSSMCS__JALANDHAR_12,13,21/10/2026,07/11/2026,10-0-AM to 4-0-PM,JALANDHAR,Advanced (ICITSS) MCS Course,General,
Eastern,DURGAPUR,AICITSS - Advanced Information Technology,AICITSSAdvITT__DURGAPUR_3,19,13/10/2026,02/11/2026,10-0-AM to 4-0-PM,DURGAPUR,AICITSS - Advanced Information Technology,General,14/10/2025
Northern,BHIWANI,Advanced (ICITSS) MCS Course,AdvICITSSMCS__BHIWANI_4,5,19/10/2026,06/11/2026,10-0-AM to 4-30-PM,BHIWANI,Advanced (ICITSS) MCS Course,General,
Southern,KANNUR,Advanced (ICITSS) MCS Course,AdvICITSSMCS__KANNUR_22,0,16/11/2026,02/12/2026,10-0-AM to 5-0-PM,KANNUR,Advanced (ICITSS) MCS Course,General,
Southern,KANNUR,Advanced (ICITSS) MCS Course,AdvICITSSMCS__KANNUR_23,30,21/12/2026,09/01/2027,10-0-AM to 5-0-PM,KANNUR,Advanced (ICITSS) MCS Course,General,
Southern,Chengalpattu,Advanced (ICITSS) MCS Course,AdvICITSSMCS__Chengalpattu_33,0,22/10/2026,07/11/2026,7-0-AM to 1-0-PM,Chengalpattu,Advanced (ICITSS) MCS Course,General,
Southern,Chengalpattu,Advanced (ICITSS) MCS Course,AdvICITSSMCS__Chengalpattu_34,0,22/10/2026,07/11/2026,1-30-PM to 7-30-PM,Chengalpattu,Advanced (ICITSS) MCS Course,General,
Southern,Chengalpattu,Advanced (ICITSS) MCS Course,AdvICITSSMCS__Chengalpattu_35,0,22/10/2026,07/11/2026,7-0-AM to 1-0-PM,Chengalpattu,Advanced (ICITSS) MCS Course,General,
Southern,Alappuzha,Advanced (ICITSS) MCS Course,AdvICITSSMCS__Alappuzha_47,0,26/10/2026,11/11/2026,9-30-AM to 4-30-PM,Alappuzha,Advanced (ICITSS) MCS Course,General,
Southern,Alappuzha,Advanced (ICITSS) MCS Course,AdvICITSSMCS__Alappuzha_50,0,26/10/2026,11/11/2026,9-30-AM to 4-30-PM,Alappuzha,Advanced (ICITSS) MCS Course,General,
Southern,Alappuzha,Advanced (ICITSS) MCS Course,AdvICITSSMCS__Alappuzha_48,7,12/11/2026,28/11/2026,9-30-AM to 4-30-PM,Alappuzha,Advanced (ICITSS) MCS Course,General,
Southern,Alappuzha,Advanced (ICITSS) MCS Course,AdvICITSSMCS__Alappuzha_49,4,30/11/2026,16/12/2026,9-30-AM to 4-30-PM,Alappuzha,Advanced (ICITSS) MCS Course,General,
Northern,DELHI,Advanced (ICITSS) MCS Course,AdvICITSSMCS__DELHI_213_at Vishwas Nagar,0,19/10/2026,04/11/2026,7-30-AM to 1-30-AM,DELHI,Advanced (ICITSS) MCS Course,General,
Northern,DELHI,Advanced (ICITSS) MCS Course,AdvICITSSMCS__DELHI_214_at Vishwas Nagar,0,19/10/2026,04/11/2026,2-0-PM to 8-0-PM,DELHI,Advanced (ICITSS) MCS Course,General,
Northern,DELHI,Advanced (ICITSS) MCS Course,AdvICITSSMCS__DELHI_215_at Pitampura,0,19/10/2026,04/11/2026,7-30-AM to 1-30-PM,DELHI,Advanced (ICITSS) MCS Course,General,
Northern,DELHI,Advanced (ICITSS) MCS Course,AdvICITSSMCS__DELHI_216_at Pitampura,0,19/10/2026,04/11/2026,2-0-PM to 8-0-PM,DELHI,Advanced (ICITSS) MCS Course,General,
Northern,DELHI,Advanced (ICITSS) MCS Course,AdvICITSSMCS__DELHI_217_at Vishwas Nagar,0,20/10/2026,05/11/2026,7-30-AM to 1-30-PM,DELHI,Advanced (ICITSS) MCS Course,General,
Northern,DELHI,Advanced (ICITSS) MCS Course,AdvICITSSMCS__DELHI_218_at Vishwas Nagar,0,20/10/2026,05/11/2026,2-0-PM to 8-0-PM,DELHI,Advanced (ICITSS) MCS Course,General,
Northern,DELHI,Advanced (ICITSS) MCS Course,AdvICITSSMCS__DELHI_221_at Prashant Vihar,0,20/10/2026,05/11/2026,7-30-AM to 1-30-PM,DELHI,Advanced (ICITSS) MCS Course,General,
Northern,DELHI,Advanced (ICITSS) MCS Course,AdvICITSSMCS__DELHI_222_at Vishwas Nagar,0,20/10/2026,05/11/2026,7-30-AM to 1-30-PM,DELHI,Advanced (ICITSS) MCS Course,General,
Northern,DELHI,Advanced (ICITSS) MCS Course,AdvICITSSMCS__DELHI_223_at Vishwas Nagar,0,20/10/2026,05/11/2026,2-0-PM to 8-0-PM,DELHI,Advanced (ICITSS) MCS Course,General,
Northern,DELHI,Advanced (ICITSS) MCS Course,AdvICITSSMCS__DELHI_219_at Pitampura,0,22/10/2026,07/11/2026,7-30-AM to 1-30-PM,DELHI,Advanced (ICITSS) MCS Course,General,
Northern,DELHI,Advanced (ICITSS) MCS Course,AdvICITSSMCS__DELHI_220_at Pitampura,0,22/10/2026,07/11/2026,2-0-PM to 8-0-PM,DELHI,Advanced (ICITSS) MCS Course,General,
Northern,DELHI,Advanced (ICITSS) MCS Course,AdvICITSSMCS__DELHI_224_at Vishwas Nagar,0,09/11/2026,25/11/2026,7-30-AM to 1-30-PM,DELHI,Advanced (ICITSS) MCS Course,General,
Northern,DELHI,Advanced (ICITSS) MCS Course,AdvICITSSMCS__DELHI_225_at Vishwas Nagar,0,09/11/2026,25/11/2026,2-0-PM to 8-0-PM,DELHI,Advanced (ICITSS) MCS Course,General,
Northern,DELHI,Advanced (ICITSS) MCS Course,AdvICITSSMCS__DELHI_226_at Pitampura,0,09/11/2026,25/11/2026,7-45-AM to 1-45-PM,DELHI,Advanced (ICITSS) MCS Course,General,
Northern,DELHI,Advanced (ICITSS) MCS Course,AdvICITSSMCS__DELHI_227_at Pitampura,0,09/11/2026,25/11/2026,2-0-PM to 8-0-PM,DELHI,Advanced (ICITSS) MCS Course,General,
Northern,DELHI,Advanced (ICITSS) MCS Course,AdvICITSSMCS__DELHI_228_at Vishwas Nagar,0,10/11/2026,26/11/2026,7-45-AM to 1-45-PM,DELHI,Advanced (ICITSS) MCS Course,General,
Northern,DELHI,Advanced (ICITSS) MCS Course,AdvICITSSMCS__DELHI_229_at Vishwas Nagar,21,10/11/2026,26/11/2026,2-0-PM to 8-0-PM,DELHI,Advanced (ICITSS) MCS Course,General,
Northern,DELHI,Advanced (ICITSS) MCS Course,AdvICITSSMCS__DELHI_230_at Pitampura,0,11/11/2026,27/11/2026,7-45-AM to 1-45-PM,DELHI,Advanced (ICITSS) MCS Course,General,
Northern,DELHI,Advanced (ICITSS) MCS Course,AdvICITSSMCS__DELHI_231_at Pitampura,2,11/11/2026,27/11/2026,2-0-PM to 8-0-PM,DELHI,Advanced (ICITSS) MCS Course,General,
Southern,COIMBATORE,Advanced (ICITSS) MCS Course,AdvICITSSMCS__COIMBATORE_35,0,21/10/2026,06/11/2026,10-0-AM to 5-0-PM,COIMBATORE,Advanced (ICITSS) MCS Course,General,
Southern,COIMBATORE,Advanced (ICITSS) MCS Course,AdvICITSSMCS__COIMBATORE_36,0,27/11/2026,13/12/2026,7-30-AM to 1-30-PM,COIMBATORE,Advanced (ICITSS) MCS Course,General,
Southern,COIMBATORE,Advanced (ICITSS) MCS Course,AdvICITSSMCS__COIMBATORE_37,20,27/11/2026,13/12/2026,2-0-PM to 8-0-PM,COIMBATORE,Advanced (ICITSS) MCS Course,General,
Northern,Bhatinda,Advanced (ICITSS) MCS Course,AdvICITSSMCS__Bhatinda_15,11,19/10/2026,02/11/2026,10-0-AM to 4-0-PM,Bhatinda,Advanced (ICITSS) MCS Course,General,
Northern,AMBALA,AICITSS - Advanced Information Technology,AICITSSAdvITT__AMBALA_12,0,24/10/2026,07/11/2026,10-0-AM to 4-0-PM,AMBALA,AICITSS - Advanced Information Technology,General,
Southern,Thiruvananthapuram,Advanced (ICITSS) MCS Course,AdvICITSSMCS__Thiruvananthapuram_18,49,10/11/2026,28/11/2026,10-0-AM to 5-0-PM,Thiruvananthapuram,Advanced (ICITSS) MCS Course,General,
Southern,Palakkad,Advanced (ICITSS) MCS Course,AdvICITSSMCS__Palakkad_8,0,22/10/2026,07/11/2026,9-30-AM to 4-30-PM,Palakkad,Advanced (ICITSS) MCS Course,General,
Northern,PATIALA,Advanced (ICITSS) MCS Course,AdvICITSSMCS__PATIALA_10,4,19/10/2026,05/11/2026,10-0-AM to 4-0-PM,PATIALA,Advanced (ICITSS) MCS Course,General,
Eastern,KOLKATA,ICITSS - Orientation Course,ICITSSOC__KOLKATA_183,0,03/11/2026,20/11/2026,11-0-AM to 5-30-PM,KOLKATA,ICITSS - Orientation Course,General,
Eastern,KOLKATA,ICITSS - Orientation Course,ICITSSOC__KOLKATA_184,0,03/11/2026,20/11/2026,11-0-AM to 5-30-PM,KOLKATA,ICITSS - Orientation Course,General,
Eastern,KOLKATA,ICITSS - Orientation Course,ICITSSOC__KOLKATA_185,40,03/11/2026,20/11/2026,11-0-AM to 5-30-PM,KOLKATA,ICITSS - Orientation Course,General,
Northern,PANIPAT,Advanced (ICITSS) MCS Course,AdvICITSSMCS__PANIPAT_12,0,16/11/2026,04/12/2026,10-0-AM to 4-45-PM,PANIPAT,Advanced (ICITSS) MCS Course,General,
Northern,SIRSA,Advanced (ICITSS) MCS Course,AdvICITSSMCS__SIRSA_10,24,06/11/2026,27/11/2026,10-0-AM to 4-0-PM,SIRSA,Advanced (ICITSS) MCS Course,General,
Southern,ERODE,Advanced (ICITSS) MCS Course,AdvICITSSMCS__ERODE_11,17,24/10/2026,07/11/2026,10-0-AM to 4-0-PM,ERODE,Advanced (ICITSS) MCS Course,General,
Southern,BENGALURU,Advanced (ICITSS) MCS Course,AdvICITSSMCS__BENGALURU_163,0,22/10/2026,07/11/2026,7-0-AM to 1-30-PM,BENGALURU,Advanced (ICITSS) MCS Course,General,
Southern,BENGALURU,Advanced (ICITSS) MCS Course,AdvICITSSMCS__BENGALURU_164,0,22/10/2026,07/11/2026,2-0-PM to 8-30-PM,BENGALURU,Advanced (ICITSS) MCS Course,General,
Southern,BENGALURU,Advanced (ICITSS) MCS Course,AdvICITSSMCS__BENGALURU_165,0,22/10/2026,07/11/2026,7-0-AM to 1-30-PM,BENGALURU,Advanced (ICITSS) MCS Course,General,
Southern,BENGALURU,Advanced (ICITSS) MCS Course,AdvICITSSMCS__BENGALURU_166,0,22/10/2026,07/11/2026,2-0-PM to 8-30-PM,BENGALURU,Advanced (ICITSS) MCS Course,General,
Southern,BENGALURU,Advanced (ICITSS) MCS Course,AdvICITSSMCS__BENGALURU_167,0,26/10/2026,11/11/2026,7-0-AM to 1-30-PM,BENGALURU,Advanced (ICITSS) MCS Course,General,
Southern,BENGALURU,Advanced (ICITSS) MCS Course,AdvICITSSMCS__BENGALURU_168,0,26/10/2026,11/11/2026,2-0-PM to 8-30-PM,BENGALURU,Advanced (ICITSS) MCS Course,General,
Southern,BENGALURU,Advanced (ICITSS) MCS Course,AdvICITSSMCS__BENGALURU_169,48,02/11/2026,18/11/2026,7-0-AM to 1-30-PM,BENGALURU,Advanced (ICITSS) MCS Course,General,
Southern,BENGALURU,Advanced (ICITSS) MCS Course,AdvICITSSMCS__BENGALURU_170,49,02/11/2026,18/11/2026,2-0-PM to 8-30-PM,BENGALURU,Advanced (ICITSS) MCS Course,General,
Southern,KARIMNAGAR,Advanced (ICITSS) MCS Course,AdvICITSSMCS__KARIMNAGAR_2,37,23/10/2026,09/11/2026,10-0-AM to 5-0-AM,KARIMNAGAR,Advanced (ICITSS) MCS Course,General,
Northern,Kurukshetra,Advanced (ICITSS) MCS Course,AdvICITSSMCS__Kurukshetra_4,8,23/10/2026,11/11/2026,9-30-AM to 4-0-PM,Kurukshetra,Advanced (ICITSS) MCS Course,General,
Southern,TIRUPATI,Advanced (ICITSS) MCS Course,AdvICITSSMCS__TIRUPATI_44,7,21/10/2026,08/11/2026,7-0-AM to 1-0-PM,TIRUPATI,Advanced (ICITSS) MCS Course,General,
Southern,TIRUPATI,Advanced (ICITSS) MCS Course,AdvICITSSMCS__TIRUPATI_45,27,09/11/2026,27/11/2026,7-0-AM to 1-0-PM,TIRUPATI,Advanced (ICITSS) MCS Course,General,
Southern,Mysuru,Advanced (ICITSS) MCS Course,AdvICITSSMCS__Mysuru_7,35,22/10/2026,07/11/2026,10-30-AM to 5-15-PM,Mysuru,Advanced (ICITSS) MCS Course,General,
Southern,SALEM,Advanced (ICITSS) MCS Course,AdvICITSSMCS__SALEM_11,0,16/11/2026,03/12/2026,10-0-AM to 4-0-PM,SALEM,Advanced (ICITSS) MCS Course,General,
Southern,GUNTUR,Advanced (ICITSS) MCS Course,AdvICITSSMCS__GUNTUR_36,0,26/10/2026,11/11/2026,7-0-AM to 1-0-PM,GUNTUR,Advanced (ICITSS) MCS Course,General,
Southern,GUNTUR,Advanced (ICITSS) MCS Course,AdvICITSSMCS__GUNTUR_37,0,16/11/2026,02/12/2026,7-0-AM to 1-0-PM,GUNTUR,Advanced (ICITSS) MCS Course,General,
Southern,GUNTUR,Advanced (ICITSS) MCS Course,AdvICITSSMCS__GUNTUR_38,0,07/12/2026,24/12/2026,7-0-AM to 1-0-PM,GUNTUR,Advanced (ICITSS) MCS Course,General,
Southern,Anantapur,Advanced (ICITSS) MCS Course,AdvICITSSMCS__Anantapur_11,9,22/10/2026,05/11/2026,7-15-AM to 2-0-PM,Anantapur,Advanced (ICITSS) MCS Course,General,
Southern,Thrissur,Advanced (ICITSS) MCS Course,AdvICITSSMCS__Thrissur_18,0,16/11/2026,02/12/2026,10-1-PM to 2-5-PM,Thrissur,Advanced (ICITSS) MCS Course,General,
Southern,PUDUCHERRY,Advanced (ICITSS) MCS Course,AdvICITSSMCS__PUDUCHERRY_2,31,11/11/2026,27/11/2026,10-0-AM to 5-0-PM,PUDUCHERRY,Advanced (ICITSS) MCS Course,General,
Southern,KAKINADA,Advanced (ICITSS) MCS Course,AdvICITSSMCS__KAKINADA_12,44,25/11/2026,09/12/2026,9-30-AM to 4-30-PM,KAKINADA,Advanced (ICITSS) MCS Course,General,
Southern,HYDERABAD,Advanced (ICITSS) MCS Course,AdvICITSSMCS__HYDERABAD_127,0,22/10/2026,05/11/2026,7-0-AM to 1-30-PM,HYDERABAD,Advanced (ICITSS) MCS Course,General,
Southern,HYDERABAD,Advanced (ICITSS) MCS Course,AdvICITSSMCS__HYDERABAD_128,0,22/10/2026,05/11/2026,7-0-AM to 1-30-PM,HYDERABAD,Advanced (ICITSS) MCS Course,General,
Southern,HYDERABAD,Advanced (ICITSS) MCS Course,AdvICITSSMCS__HYDERABAD_129,0,22/10/2026,05/11/2026,2-0-PM to 8-30-PM,HYDERABAD,Advanced (ICITSS) MCS Course,General,
Northern,ROHTAK,Advanced (ICITSS) MCS Course,AdvICITSSMCS__ROHTAK_8,0,21/10/2026,07/11/2026,10-0-AM to 5-0-PM,ROHTAK,Advanced (ICITSS) MCS Course,General,
Southern,Kozhikode,Advanced (ICITSS) MCS Course,AdvICITSSMCS__Kozhikode_47,0,02/11/2026,18/11/2026,10-0-AM to 5-0-PM,Kozhikode,Advanced (ICITSS) MCS Course,General,
Southern,Kozhikode,Advanced (ICITSS) MCS Course,AdvICITSSMCS__Kozhikode_50,0,23/11/2026,09/12/2026,10-0-AM to 5-0-PM,Kozhikode,Advanced (ICITSS) MCS Course,General,
Southern,Kozhikode,Advanced (ICITSS) MCS Course,AdvICITSSMCS__Kozhikode_51,0,14/12/2026,31/12/2026,10-0-AM to 5-0-PM,Kozhikode,Advanced (ICITSS) MCS Course,General,
Southern,Kozhikode,Advanced (ICITSS) MCS Course,AdvICITSSMCS__Kozhikode_52,34,04/01/2027,20/01/2027,10-0-AM to 5-0-PM,Kozhikode,Advanced (ICITSS) MCS Course,General,
Southern,TIRUNELVELI,Advanced (ICITSS) MCS Course,AdvICITSSMCS__TIRUNELVELI_6,43,16/11/2026,05/12/2026,10-0-AM to 5-0-PM,TIRUNELVELI,Advanced (ICITSS) MCS Course,General,
Southern,Tiruchirapalli,Advanced (ICITSS) MCS Course,AdvICITSSMCS__Tiruchirapalli_7,9,26/10/2026,18/11/2026,10-30-AM to 5-0-PM,Tiruchirapalli,Advanced (ICITSS) MCS Course,General,
Northern,FARIDABAD,AICITSS - Advanced Information Technology,AICITSSAdvITT__FARIDABAD_62,0,15/10/2026,02/11/2026,8-0-AM to 2-0-PM,FARIDABAD,AICITSS - Advanced Information Technology,General,
Northern,REWARI,AICITSS - Advanced Information Technology,AICITSSAdvITT__REWARI_9,0,11/11/2026,28/11/2026,10-0-AM to 4-0-PM,REWARI,AICITSS - Advanced Information Technology,General,
Northern,REWARI,AICITSS - Advanced Information Technology,AICITSSAdvITT__REWARI_10,0,01/12/2026,18/12/2026,10-0-AM to 4-0-PM,REWARI,AICITSS - Advanced Information Technology,General,
Northern,CHANDIGARH,AICITSS - Advanced Information Technology,AICITSSAdvITT__CHANDIGARH_43,0,21/10/2026,10/11/2026,7-0-AM to 1-0-PM,CHANDIGARH,AICITSS - Advanced Information Technology,General,
Southern,TIRUPUR,Advanced (ICITSS) MCS Course,AdvICITSSMCS__TIRUPUR_8,8,21/10/2026,04/11/2026,10-0-AM to 5-0-PM,TIRUPUR,Advanced (ICITSS) MCS Course,General,
Eastern,BHUBANESWAR,ICITSS - Information Technology,ICITSSITT__BHUBANESWAR_39,16,28/10/2026,13/11/2026,8-0-AM to 2-0-PM,BHUBANESWAR,ICITSS - Information Technology,General,02/10/2026
Southern,Belagavi,AICITSS - Advanced Information Technology,AICITSSAdvITT__Belagavi_23,0,21/10/2026,07/11/2026,7-0-AM to 1-0-PM,Belagavi,AICITSS - Advanced Information Technology,General,
Southern,Belagavi,AICITSS - Advanced Information Technology,AICITSSAdvITT__Belagavi_24,19,02/12/2026,19/12/2026,7-0-AM to 1-0-PM,Belagavi,AICITSS - Advanced Information Technology,General,09/10/2026
Northern,Gurugram,AICITSS - Advanced Information Technology,AICITSSAdvITT__Gurugram_67,0,15/10/2026,30/10/2026,2-0-PM to 8-0-PM,Gurugram,AICITSS - Advanced Information Technology,General,
Northern,Gurugram,AICITSS - Advanced Information Technology,AICITSSAdvITT__Gurugram_71,0,15/10/2026,30/10/2026,2-0-PM to 8-0-PM,Gurugram,AICITSS - Advanced Information Technology,General,
Northern,Gurugram,AICITSS - Advanced Information Technology,AICITSSAdvITT__Gurugram_70,15,04/11/2026,21/11/2026,2-0-PM to 8-0-PM,Gurugram,AICITSS - Advanced Information Technology,General,18/09/2026
Northern,Gurugram,AICITSS - Advanced Information Technology,AICITSSAdvITT__Gurugram_72,22,24/11/2026,08/12/2026,2-0-PM to 8-0-PM,Gurugram,AICITSS - Advanced Information Technology,General,08/10/2026
Southern,KOTTAYAM,AICITSS - Advanced Information Technology,AICITSSAdvITT__KOTTAYAM_14,10,16/11/2026,04/12/2026,10-0-AM to 4-0-PM,KOTTAYAM,AICITSS - Advanced Information Technology,General,05/08/2026
Eastern,SILIGURI,ICITSS - Orientation Course,ICITSSOC__SILIGURI_24,21,26/10/2026,12/11/2026,10-30-AM to 5-30-PM,SILIGURI,ICITSS - Orientation Course,General,
Northern,HIMACHAL PRADESH,AICITSS - Advanced Information Technology,PHYSICAL AICITSS HP-27,11,21/10/2026,06/11/2026,11-0-AM to 5-0-PM,HIMACHAL PRADESH,AICITSS - Advanced Information Technology,General,27/09/2022
Southern,Mangaluru,Advanced (ICITSS) MCS Course,AdvICITSSMCS__Mangaluru_24,0,23/10/2026,09/11/2026,10-0-AM to 4-30-PM,Mangaluru,Advanced (ICITSS) MCS Course,General,
Southern,Mangaluru,Advanced (ICITSS) MCS Course,AdvICITSSMCS__Mangaluru_25,0,23/10/2026,09/11/2026,10-0-AM to 4-30-PM,Mangaluru,Advanced (ICITSS) MCS Course,General,
Southern,VIJAYAWADA,Advanced (ICITSS) MCS Course,AdvICITSSMCS__VIJAYAWADA_25,0,23/10/2026,06/11/2026,7-0-AM to 1-0-PM,VIJAYAWADA,Advanced (ICITSS) MCS Course,General,
Southern,VIJAYAWADA,Advanced (ICITSS) MCS Course,AdvICITSSMCS__VIJAYAWADA_26,1,10/11/2026,24/11/2026,7-0-AM to 1-0-PM,VIJAYAWADA,Advanced (ICITSS) MCS Course,General,
Western,AHMEDABAD,Advanced (ICITSS) MCS Course,AdvICITSSMCS__AHMEDABAD_124,1,18/10/2026,02/11/2026,7-30-AM to 2-15-PM,AHMEDABAD,Advanced (ICITSS) MCS Course,General,
Western,AHMEDABAD,Advanced (ICITSS) MCS Course,AdvICITSSMCS__AHMEDABAD_125,0,18/10/2026,02/11/2026,2-30-PM to 8-45-PM,AHMEDABAD,Advanced (ICITSS) MCS Course,General,
Western,AHMEDABAD,Advanced (ICITSS) MCS Course,AdvICITSSMCS__AHMEDABAD_126,6,18/10/2026,02/11/2026,7-30-AM to 1-30-PM,AHMEDABAD,Advanced (ICITSS) MCS Course,General,
Western,AHMEDABAD,Advanced (ICITSS) MCS Course,AdvICITSSMCS__AHMEDABAD_121,0,16/11/2026,30/11/2026,7-30-AM to 2-15-PM,AHMEDABAD,Advanced (ICITSS) MCS Course,General,
Western,AHMEDABAD,Advanced (ICITSS) MCS Course,AdvICITSSMCS__AHMEDABAD_122,0,16/11/2026,30/11/2026,2-30-PM to 8-45-PM,AHMEDABAD,Advanced (ICITSS) MCS Course,General,
Western,AHMEDABAD,Advanced (ICITSS) MCS Course,AdvICITSSMCS__AHMEDABAD_123,1,16/11/2026,30/11/2026,7-30-AM to 2-15-PM,AHMEDABAD,Advanced (ICITSS) MCS Course,General,
Southern,VELLORE,Advanced (ICITSS) MCS Course,AdvICITSSMCS__VELLORE_32,14,22/10/2026,06/11/2026,10-0-AM to 5-0-PM,VELLORE,Advanced (ICITSS) MCS Course,General,
Southern,VISAKHAPATNAM,Advanced (ICITSS) MCS Course,AdvICITSSMCS__VISAKHAPATNAM_22,0,21/10/2026,06/11/2026,10-0-AM to 5-0-PM,VISAKHAPATNAM,Advanced (ICITSS) MCS Course,General,
Southern,VISAKHAPATNAM,Advanced (ICITSS) MCS Course,AdvICITSSMCS__VISAKHAPATNAM_23,31,02/11/2026,18/11/2026,10-0-AM to 5-0-PM,VISAKHAPATNAM,Advanced (ICITSS) MCS Course,General,
Southern,Kollam,AICITSS - Advanced Information Technology,AICITSSAdvITT__Kollam_29,0,29/10/2026,14/11/2026,12-30-PM to 6-30-PM,Kollam,AICITSS - Advanced Information Technology,General,
Southern,Kollam,AICITSS - Advanced Information Technology,AICITSSAdvITT__Kollam_30,18,30/10/2026,16/11/2026,8-0-AM to 2-0-PM,Kollam,AICITSS - Advanced Information Technology,General,06/10/2026
Southern,CHENNAI,AICITSS - Advanced Information Technology,AICITSSAdvITT__CHENNAI_152,0,22/10/2026,06/11/2026,7-30-AM to 1-30-PM,CHENNAI,AICITSS - Advanced Information Technology,General,
Southern,CHENNAI,AICITSS - Advanced Information Technology,AICITSSAdvITT__CHENNAI_153,0,22/10/2026,06/11/2026,1-30-PM to 7-30-PM,CHENNAI,AICITSS - Advanced Information Technology,General,
Eastern,DURGAPUR,ICITSS - Orientation Course,ICITSSOC__DURGAPUR_8,49,26/10/2026,11/11/2026,10-0-AM to 5-0-PM,DURGAPUR,ICITSS - Orientation Course,General,
Northern,SONEPAT,AICITSS - Advanced Information Technology,AICITSSAdvITT__SONEPAT_9,10,12/11/2026,30/11/2026,10-0-AM to 4-0-PM,SONEPAT,AICITSS - Advanced Information Technology,General,09/10/2026
Southern,ERNAKULAM,AICITSS - Advanced Information Technology,AICITSSAdvITT__ERNAKULAM_42,0,04/11/2026,24/11/2026,7-30-AM to 1-30-PM,ERNAKULAM,AICITSS - Advanced Information Technology,General,
Southern,ERNAKULAM,AICITSS - Advanced Information Technology,AICITSSAdvITT__ERNAKULAM_43,0,04/11/2026,24/11/2026,12-30-PM to 6-30-PM,ERNAKULAM,AICITSS - Advanced Information Technology,General,
Southern,ERNAKULAM,AICITSS - Advanced Information Technology,AICITSSAdvITT__ERNAKULAM_44,38,25/11/2026,15/12/2026,7-30-AM to 1-30-PM,ERNAKULAM,AICITSS - Advanced Information Technology,General,09/10/2026
Southern,KANNUR,AICITSS - Advanced Information Technology,AICITSSAdvITT__KANNUR_28,0,26/10/2026,10/11/2026,10-30-AM to 4-30-PM,KANNUR,AICITSS - Advanced Information Technology,General,
Southern,KANNUR,AICITSS - Advanced Information Technology,AICITSSAdvITT__KANNUR_29,9,04/12/2026,19/12/2026,10-30-AM to 4-30-PM,KANNUR,AICITSS - Advanced Information Technology,General,08/09/2026
Northern,FARIDABAD,ICITSS - Information Technology,ICITSSITT__FARIDABAD_82,0,15/10/2026,02/11/2026,2-0-PM to 8-0-PM,FARIDABAD,ICITSS - Information Technology,General,
Northern,DELHI,AICITSS - Advanced Information Technology,AICITSSAdvITT__DELHI_283_at Prashant Vihar,0,15/10/2026,31/10/2026,7-30-AM to 1-30-PM,DELHI,AICITSS - Advanced Information Technology,General,
Northern,DELHI,AICITSS - Advanced Information Technology,AICITSSAdvITT__DELHI_280_at Vishwas Nagar,0,17/10/2026,03/11/2026,7-30-AM to 1-30-PM,DELHI,AICITSS - Advanced Information Technology,General,
Northern,DELHI,AICITSS - Advanced Information Technology,AICITSSAdvITT__DELHI_285_Prashant Vihar,0,17/10/2026,05/11/2026,7-30-AM to 1-30-PM,DELHI,AICITSS - Advanced Information Technology,General,
Northern,DELHI,AICITSS - Advanced Information Technology,AICITSSAdvITT__DELHI_279_at Priyadarshin Vihar,0,19/10/2026,04/11/2026,7-30-AM to 1-30-PM,DELHI,AICITSS - Advanced Information Technology,General,
Northern,DELHI,AICITSS - Advanced Information Technology,AICITSSAdvITT__DELHI_284_at Vishwas Nagar,0,19/10/2026,04/11/2026,7-30-AM to 1-30-PM,DELHI,AICITSS - Advanced Information Technology,General,
Northern,DELHI,AICITSS - Advanced Information Technology,AICITSSAdvITT__DELHI_286_at Prashant Vihar,0,21/10/2026,05/11/2026,7-30-AM to 1-30-PM,DELHI,AICITSS - Advanced Information Technology,General,
Northern,DELHI,AICITSS - Advanced Information Technology,AICITSSAdvITT__DELHI_289_at Prashant Vihar,0,02/11/2026,20/11/2026,7-30-AM to 1-30-PM,DELHI,AICITSS - Advanced Information Technology,General,
Northern,DELHI,AICITSS - Advanced Information Technology,AICITSSAdvITT__DELHI_290_at Vishwas Nagar,0,04/11/2026,19/11/2026,7-30-AM to 1-30-PM,DELHI,AICITSS - Advanced Information Technology,General,
Northern,DELHI,AICITSS - Advanced Information Technology,AICITSSAdvITT__DELHI_287_at Priyadarshini Vihar,0,05/11/2026,23/11/2026,7-30-AM to 1-30-PM,DELHI,AICITSS - Advanced Information Technology,General,
Northern,DELHI,AICITSS - Advanced Information Technology,AICITSSAdvITT__DELHI_288_at Prashant Vihar,0,10/11/2026,27/11/2026,7-30-AM to 1-30-PM,DELHI,AICITSS - Advanced Information Technology,General,
Southern,Thiruvananthapuram,AICITSS - Advanced Information Technology,AICITSSAdvITT__Thiruvananthapuram_25,0,22/10/2026,07/11/2026,2-0-PM to 8-0-PM,Thiruvananthapuram,AICITSS - Advanced Information Technology,General,
Southern,Thiruvananthapuram,AICITSS - Advanced Information Technology,AICITSSAdvITT__Thiruvananthapuram_26,0,11/11/2026,29/11/2026,2-0-PM to 8-0-PM,Thiruvananthapuram,AICITSS - Advanced Information Technology,General,
Southern,Thiruvananthapuram,AICITSS - Advanced Information Technology,AICITSSAdvITT__Thiruvananthapuram_27,25,08/12/2026,26/12/2026,2-0-PM to 8-0-PM,Thiruvananthapuram,AICITSS - Advanced Information Technology,General,26/09/2026
Southern,Alappuzha,AICITSS - Advanced Information Technology,AICITSSAdvITT__Alappuzha_27,0,12/11/2026,28/11/2026,10-0-AM to 4-0-PM,Alappuzha,AICITSS - Advanced Information Technology,General,
Southern,Ballari,AICITSS - Advanced Information Technology,AICITSSAdvITT__Ballari_7,1,12/10/2026,29/10/2026,8-0-AM to 2-0-PM,Ballari,AICITSS - Advanced Information Technology,General,05/09/2026
Northern,HISAR,ICITSS - Information Technology,ICITSSITT__HISAR_59,0,13/10/2026,30/10/2026,7-0-AM to 1-0-PM,HISAR,ICITSS - Information Technology,General,
Northern,HISAR,ICITSS - Information Technology,ICITSSITT__HISAR_60,0,13/10/2026,30/10/2026,1-30-PM to 7-30-PM,HISAR,ICITSS - Information Technology,General,
Northern,CHANDIGARH,ICITSS - Information Technology,ICITSSITT__CHANDIGARH_57,0,15/10/2026,05/11/2026,1-0-PM to 7-0-PM,CHANDIGARH,ICITSS - Information Technology,General,
Southern,COIMBATORE,AICITSS - Advanced Information Technology,AICITSSAdvITT__COIMBATORE_32,0,10/11/2026,26/11/2026,10-0-AM to 4-0-PM,COIMBATORE,AICITSS - Advanced Information Technology,General,
Southern,COIMBATORE,AICITSS - Advanced Information Technology,AICITSSAdvITT__COIMBATORE_33,0,14/12/2026,30/12/2026,7-30-AM to 1-30-PM,COIMBATORE,AICITSS - Advanced Information Technology,General,
Southern,COIMBATORE,AICITSS - Advanced Information Technology,AICITSSAdvITT__COIMBATORE_34,36,14/12/2026,30/12/2026,2-0-PM to 8-0-PM,COIMBATORE,AICITSS - Advanced Information Technology,General,06/10/2026
Southern,Palakkad,AICITSS - Advanced Information Technology,AICITSSAdvITT__Palakkad_12,0,23/11/2026,09/12/2026,10-0-AM to 4-0-PM,Palakkad,AICITSS - Advanced Information Technology,General,
Northern,Gurugram,ICITSS - Information Technology,ICITSSITT__Gurugram_63,0,15/10/2026,30/10/2026,8-0-AM to 2-0-PM,Gurugram,ICITSS - Information Technology,General,
Northern,Gurugram,ICITSS - Information Technology,ICITSSITT__Gurugram_61,0,17/10/2026,31/10/2026,8-0-AM to 2-0-PM,Gurugram,ICITSS - Information Technology,General,
Northern,Gurugram,ICITSS - Information Technology,ICITSSITT__Gurugram_60,30,02/11/2026,20/11/2026,8-0-AM to 2-0-PM,Gurugram,ICITSS - Information Technology,General,31/07/2026
Southern,Chengalpattu,AICITSS - Advanced Information Technology,AICITSSAdvITT__Chengalpattu_55,0,22/10/2026,07/11/2026,7-0-AM to 1-0-PM,Chengalpattu,AICITSS - Advanced Information Technology,General,
Southern,Belagavi,ICITSS - Information Technology,ICITSSITT__Belagavi_31,0,12/10/2026,29/10/2026,1-0-PM to 7-0-PM,Belagavi,ICITSS - Information Technology,General,
Southern,Belagavi,ICITSS - Information Technology,ICITSSITT__Belagavi_32,20,30/10/2026,18/11/2026,1-0-PM to 7-0-PM,Belagavi,ICITSS - Information Technology,General,22/09/2026
Southern,KOTTAYAM,ICITSS - Information Technology,ICITSSITT__KOTTAYAM_27,24,12/10/2026,03/11/2026,10-0-AM to 4-0-PM,KOTTAYAM,ICITSS - Information Technology,General,05/08/2026
Northern,SANGRUR,ICITSS - Information Technology,ICITSSITT__SANGRUR_23,0,23/10/2026,08/11/2026,9-30-AM to 3-30-PM,SANGRUR,ICITSS - Information Technology,General,
Southern,SIVAKASI,AICITSS - Advanced Information Technology,AICITSSAdvITT__SIVAKASI_12,0,12/10/2026,31/10/2026,10-0-AM to 4-0-PM,SIVAKASI,AICITSS - Advanced Information Technology,General,
Northern,SIRSA,AICITSS - Advanced Information Technology,AICITSSAdvITT__SIRSA_10,0,12/10/2026,30/10/2026,10-0-AM to 4-0-PM,SIRSA,AICITSS - Advanced Information Technology,General,
Southern,TIRUPATI,AICITSS - Advanced Information Technology,AICITSSAdvITT__TIRUPATI_41,26,02/11/2026,20/11/2026,2-0-PM to 8-0-PM,TIRUPATI,AICITSS - Advanced Information Technology,General,01/10/2026
Northern,PANIPAT,AICITSS - Advanced Information Technology,AICITSSAdvITT__PANIPAT_14,0,26/10/2026,13/11/2026,10-0-AM to 4-0-PM,PANIPAT,AICITSS - Advanced Information Technology,General,
Southern,CHENNAI,ICITSS - Information Technology,ICITSSITT__CHENNAI_141,0,27/10/2026,14/11/2026,7-30-AM to 1-30-PM,CHENNAI,ICITSS - Information Technology,General,
Southern,CHENNAI,ICITSS - Information Technology,ICITSSITT__CHENNAI_142,0,27/10/2026,14/11/2026,1-45-PM to 7-45-PM,CHENNAI,ICITSS - Information Technology,General,
Southern,CHENNAI,ICITSS - Information Technology,ICITSSITT__CHENNAI_143,0,27/10/2026,14/11/2026,7-30-AM to 1-30-PM,CHENNAI,ICITSS - Information Technology,General,
Southern,CHENNAI,ICITSS - Information Technology,ICITSSITT__CHENNAI_144,0,27/10/2026,14/11/2026,1-45-PM to 7-45-PM,CHENNAI,ICITSS - Information Technology,General,
Southern,BENGALURU,AICITSS - Advanced Information Technology,AICITSSAdvITT__BENGALURU_146,0,21/10/2026,06/11/2026,8-0-AM to 2-0-PM,BENGALURU,AICITSS - Advanced Information Technology,General,
Southern,BENGALURU,AICITSS - Advanced Information Technology,AICITSSAdvITT__BENGALURU_147,0,21/10/2026,06/11/2026,2-0-PM to 8-0-PM,BENGALURU,AICITSS - Advanced Information Technology,General,
Southern,BENGALURU,AICITSS - Advanced Information Technology,AICITSSAdvITT__BENGALURU_148,0,21/10/2026,07/11/2026,8-0-AM to 2-0-PM,BENGALURU,AICITSS - Advanced Information Technology,General,
Southern,BENGALURU,AICITSS - Advanced Information Technology,AICITSSAdvITT__BENGALURU_149,0,21/10/2026,07/11/2026,2-0-PM to 8-0-PM,BENGALURU,AICITSS - Advanced Information Technology,General,
Southern,Kollam,ICITSS - Information Technology,ICITSSITT__Kollam_39,18,09/11/2026,26/11/2026,12-30-PM to 6-30-PM,Kollam,ICITSS - Information Technology,General,15/07/2026
Southern,Kollam,ICITSS - Information Technology,ICITSSITT__Kollam_40,17,09/11/2026,26/11/2026,8-0-AM to 2-0-PM,Kollam,ICITSS - Information Technology,General,05/08/2026
Southern,Anantapur,AICITSS - Advanced Information Technology,AICITSSAdvITT__Anantapur_27,0,22/10/2026,07/11/2026,1-15-PM to 7-15-PM,Anantapur,AICITSS - Advanced Information Technology,General,
Southern,Anantapur,AICITSS - Advanced Information Technology,AICITSSAdvITT__Anantapur_28,4,22/10/2026,07/11/2026,7-0-AM to 1-0-PM,Anantapur,AICITSS - Advanced Information Technology,General,28/09/2026
Southern,SALEM,AICITSS - Advanced Information Technology,AICITSSAdvITT__SALEM_12,0,26/10/2026,13/11/2026,7-30-AM to 1-30-PM,SALEM,AICITSS - Advanced Information Technology,General,
Southern,SALEM,AICITSS - Advanced Information Technology,AICITSSAdvITT__SALEM_13,1,26/10/2026,13/11/2026,2-0-PM to 8-0-PM,SALEM,AICITSS - Advanced Information Technology,General,10/09/2026
Southern,Thrissur,AICITSS - Advanced Information Technology,AICITSSAdvITT__Thrissur_32,0,03/12/2026,19/12/2026,10-0-AM to 4-0-PM,Thrissur,AICITSS - Advanced Information Technology,General,
Northern,JALANDHAR,ICITSS - Information Technology,ICITSSITT__JALANDHAR_24,0,21/10/2026,07/11/2026,10-0-AM to 4-0-PM,JALANDHAR,ICITSS - Information Technology,General,
Southern,KANNUR,ICITSS - Information Technology,ICITSSITT__KANNUR_26,23,12/11/2026,28/11/2026,10-30-AM to 4-30-PM,KANNUR,ICITSS - Information Technology,General,29/08/2026
Northern,YAMUNANAGAR,ICITSS - Information Technology,ICITSSITT__YAMUNANAGAR_8,0,16/10/2026,04/11/2026,10-0-AM to 4-0-PM,YAMUNANAGAR,ICITSS - Information Technology,General,
Southern,GUNTUR,AICITSS - Advanced Information Technology,AICITSSAdvITT__GUNTUR_57,0,12/10/2026,29/10/2026,7-0-AM to 1-0-PM,GUNTUR,AICITSS - Advanced Information Technology,General,
Southern,GUNTUR,AICITSS - Advanced Information Technology,AICITSSAdvITT__GUNTUR_58,0,16/11/2026,02/12/2026,7-0-AM to 1-0-PM,GUNTUR,AICITSS - Advanced Information Technology,General,
Southern,GUNTUR,AICITSS - Advanced Information Technology,AICITSSAdvITT__GUNTUR_60,0,16/11/2026,02/12/2026,7-0-AM to 1-0-PM,GUNTUR,AICITSS - Advanced Information Technology,General,
Southern,GUNTUR,AICITSS - Advanced Information Technology,AICITSSAdvITT__GUNTUR_59,0,07/12/2026,24/12/2026,7-0-AM to 1-0-PM,GUNTUR,AICITSS - Advanced Information Technology,General,
Southern,KAKINADA,AICITSS - Advanced Information Technology,AICITSSAdvITT__KAKINADA_15,8,03/11/2026,18/11/2026,9-30-AM to 3-30-PM,KAKINADA,AICITSS - Advanced Information Technology,General,19/09/2026
Northern,DELHI,ICITSS - Information Technology,ICITSSITT__DELHI_374_at Priyadarshini Vihar,0,21/10/2026,05/11/2026,2-0-PM to 8-0-PM,DELHI,ICITSS - Information Technology,General,
Northern,DELHI,ICITSS - Information Technology,ICITSSITT__DELHI_376_at Prashant Vihar,0,21/10/2026,06/11/2026,2-0-PM to 8-0-PM,DELHI,ICITSS - Information Technology,General,
Northern,DELHI,ICITSS - Information Technology,ICITSSITT__DELHI_380_at Vishwas Nagar,0,21/10/2026,06/11/2026,2-0-PM to 8-0-PM,DELHI,ICITSS - Information Technology,General,
Northern,DELHI,ICITSS - Information Technology,ICITSSITT__DELHI_378_at Prashant Vihar,0,22/10/2026,12/11/2026,2-0-PM to 8-0-PM,DELHI,ICITSS - Information Technology,General,
Northern,DELHI,ICITSS - Information Technology,ICITSSITT__DELHI_379_Priyadarshini Vihar,0,22/10/2026,06/11/2026,2-0-PM to 8-0-PM,DELHI,ICITSS - Information Technology,General,
Northern,DELHI,ICITSS - Information Technology,ICITSSITT__DELHI_377_at Prashant Vihar,0,26/10/2026,14/11/2026,2-0-PM to 8-0-PM,DELHI,ICITSS - Information Technology,General,
Northern,DELHI,ICITSS - Information Technology,ICITSSITT__DELHI_381_at Vishwas Nagar,4,27/10/2026,14/11/2026,2-0-PM to 8-0-PM,DELHI,ICITSS - Information Technology,General,08/10/2026
Southern,Kozhikode,AICITSS - Advanced Information Technology,AICITSSAdvITT__Kozhikode_57,0,02/11/2026,18/11/2026,10-0-AM to 4-0-PM,Kozhikode,AICITSS - Advanced Information Technology,General,
Southern,Kozhikode,AICITSS - Advanced Information Technology,AICITSSAdvITT__Kozhikode_58,0,23/11/2026,09/12/2026,10-0-AM to 4-0-PM,Kozhikode,AICITSS - Advanced Information Technology,General,
Southern,Kozhikode,AICITSS - Advanced Information Technology,AICITSSAdvITT__Kozhikode_60,0,14/12/2026,31/12/2026,10-0-AM to 4-0-PM,Kozhikode,AICITSS - Advanced Information Technology,General,
Southern,Kozhikode,AICITSS - Advanced Information Technology,AICITSSAdvITT__Kozhikode_61,10,04/01/2027,20/01/2027,10-0-AM to 4-0-PM,Kozhikode,AICITSS - Advanced Information Technology,General,06/10/2026
Northern,LUDHIANA,ICITSS - Information Technology,ICITSSITT__LUDHIANA_31,0,12/10/2026,29/10/2026,10-0-AM to 4-0-PM,LUDHIANA,ICITSS - Information Technology,General,
Northern,FARIDABAD,ICITSS - Orientation Course,ICITSSOC__FARIDABAD_65,4,04/11/2026,26/11/2026,2-0-PM to 8-0-PM,FARIDABAD,ICITSS - Orientation Course,General,
Northern,Bhatinda,ICITSS - Information Technology,ICITSSITT__Bhatinda_36,0,16/10/2026,30/10/2026,8-0-AM to 2-0-PM,Bhatinda,ICITSS - Information Technology,General,
Northern,Bhatinda,ICITSS - Information Technology,ICITSSITT__Bhatinda_37,0,16/10/2026,30/10/2026,2-0-PM to 8-0-PM,Bhatinda,ICITSS - Information Technology,General,
Southern,HYDERABAD,AICITSS - Advanced Information Technology,AICITSSAdvITT__HYDERABAD_138,0,29/10/2026,14/11/2026,7-0-AM to 1-0-PM,HYDERABAD,AICITSS - Advanced Information Technology,General,
Southern,HYDERABAD,AICITSS - Advanced Information Technology,AICITSSAdvITT__HYDERABAD_139,0,29/10/2026,14/11/2026,7-0-AM to 1-0-PM,HYDERABAD,AICITSS - Advanced Information Technology,General,
Northern,KARNAL,ICITSS - Orientation Course,ICITSSOC__KARNAL_10,5,12/10/2026,29/10/2026,10-0-AM to 5-0-PM,KARNAL,ICITSS - Orientation Course,General,
Northern,HISAR,ICITSS - Orientation Course,ICITSSOC__HISAR_39,0,13/10/2026,30/10/2026,10-0-AM to 5-0-PM,HISAR,ICITSS - Orientation Course,General,
Northern,HISAR,ICITSS - Orientation Course,ICITSSOC__HISAR_40,1,13/10/2026,30/10/2026,10-0-AM to 5-0-PM,HISAR,ICITSS - Orientation Course,General,
Southern,Thiruvananthapuram,ICITSS - Information Technology,ICITSSITT__Thiruvananthapuram_40,15,22/10/2026,12/11/2026,9-0-AM to 3-0-PM,Thiruvananthapuram,ICITSS - Information Technology,General,01/08/2026
Southern,Thiruvananthapuram,ICITSS - Information Technology,ICITSSITT__Thiruvananthapuram_41,32,18/11/2026,10/12/2026,9-0-AM to 3-0-PM,Thiruvananthapuram,ICITSS - Information Technology,General,06/10/2026
Southern,TIRUPUR,AICITSS - Advanced Information Technology,AICITSSAdvITT__TIRUPUR_16,5,16/11/2026,30/11/2026,10-0-AM to 4-0-PM,TIRUPUR,AICITSS - Advanced Information Technology,General,22/09/2026
Southern,Ballari,ICITSS - Information Technology,ICITSSITT__Ballari_15,8,12/10/2026,29/10/2026,2-0-PM to 8-0-PM,Ballari,ICITSS - Information Technology,General,16/09/2026
Southern,Alappuzha,ICITSS - Information Technology,ICITSSITT__Alappuzha_40,24,28/10/2026,11/11/2026,10-0-AM to 4-0-PM,Alappuzha,ICITSS - Information Technology,General,10/08/2026
Southern,Alappuzha,ICITSS - Information Technology,ICITSSITT__Alappuzha_41,35,30/11/2026,16/12/2026,10-0-AM to 4-0-PM,Alappuzha,ICITSS - Information Technology,General,29/09/2026
Northern,Gurugram,ICITSS - Orientation Course,ICITSSOC__Gurugram_78,0,17/10/2026,31/10/2026,8-30-AM to 2-30-PM,Gurugram,ICITSS - Orientation Course,General,
Northern,Gurugram,ICITSS - Orientation Course,ICITSSOC__Gurugram_79,35,02/11/2026,20/11/2026,8-30-AM to 2-30-PM,Gurugram,ICITSS - Orientation Course,General,
Northern,Gurugram,ICITSS - Orientation Course,ICITSSOC__Gurugram_81,24,02/11/2026,20/11/2026,8-30-AM to 2-30-PM,Gurugram,ICITSS - Orientation Course,General,
Northern,CHANDIGARH,ICITSS - Orientation Course,ICITSSOC__CHANDIGARH_59,0,15/10/2026,05/11/2026,7-0-AM to 1-0-PM,CHANDIGARH,ICITSS - Orientation Course,General,
Northern,CHANDIGARH,ICITSS - Orientation Course,ICITSSOC__CHANDIGARH_61,0,15/10/2026,05/11/2026,7-0-AM to 1-0-PM,CHANDIGARH,ICITSS - Orientation Course,General,
Southern,Chengalpattu,ICITSS - Information Technology,ICITSSITT__Chengalpattu_47,0,13/10/2026,31/10/2026,1-30-PM to 7-30-PM,Chengalpattu,ICITSS - Information Technology,General,
Southern,Belagavi,ICITSS - Orientation Course,ICITSSOC__Belagavi_17,28,14/10/2026,31/10/2026,10-30-AM to 5-30-PM,Belagavi,ICITSS - Orientation Course,General,
Northern,PATIALA,ICITSS - Information Technology,ICITSSITT__PATIALA_64,0,12/10/2026,29/10/2026,10-0-AM to 4-0-PM,PATIALA,ICITSS - Information Technology,General,
Southern,Mangaluru,AICITSS - Advanced Information Technology,AICITSSAdvITT__Mangaluru_28,24,26/10/2026,11/11/2026,10-0-AM to 4-0-PM,Mangaluru,AICITSS - Advanced Information Technology,General,09/10/2026
Northern,SIRSA,ICITSS - Information Technology,ICITSSITT__SIRSA_17,3,02/11/2026,21/11/2026,10-0-AM to 4-0-PM,SIRSA,ICITSS - Information Technology,General,19/09/2026
Southern,VISAKHAPATNAM,AICITSS - Advanced Information Technology,AICITSSAdvITT__VISAKHAPATNAM_28,0,09/11/2026,26/11/2026,10-0-AM to 4-0-PM,VISAKHAPATNAM,AICITSS - Advanced Information Technology,General,
Southern,VISAKHAPATNAM,AICITSS - Advanced Information Technology,AICITSSAdvITT__VISAKHAPATNAM_29,29,19/11/2026,07/12/2026,10-0-AM to 4-0-PM,VISAKHAPATNAM,AICITSS - Advanced Information Technology,General,29/09/2026
Western,AHMEDABAD,AICITSS - Advanced Information Technology,AICITSSAdvITT__AHMEDABAD_140,0,16/10/2026,31/10/2026,7-30-AM to 1-30-PM,AHMEDABAD,AICITSS - Advanced Information Technology,General,
Western,AHMEDABAD,AICITSS - Advanced Information Technology,AICITSSAdvITT__AHMEDABAD_141,0,16/10/2026,31/10/2026,2-30-PM to 8-30-PM,AHMEDABAD,AICITSS - Advanced Information Technology,General,
Western,AHMEDABAD,AICITSS - Advanced Information Technology,AICITSSAdvITT__AHMEDABAD_142,0,16/10/2026,31/10/2026,7-30-AM to 1-30-PM,AHMEDABAD,AICITSS - Advanced Information Technology,General,
Western,AHMEDABAD,AICITSS - Advanced Information Technology,AICITSSAdvITT__AHMEDABAD_143,6,16/10/2026,31/10/2026,2-30-PM to 8-30-PM,AHMEDABAD,AICITSS - Advanced Information Technology,General,03/10/2026
Southern,VELLORE,AICITSS - Advanced Information Technology,AICITSSAdvITT__VELLORE_38,10,31/10/2026,14/11/2026,10-0-AM to 4-0-PM,VELLORE,AICITSS - Advanced Information Technology,General,05/10/2026
Southern,VIJAYAWADA,AICITSS - Advanced Information Technology,AICITSSAdvITT__VIJAYAWADA_36,0,23/10/2026,07/11/2026,6-30-AM to 12-30-PM,VIJAYAWADA,AICITSS - Advanced Information Technology,General,
Southern,VIJAYAWADA,AICITSS - Advanced Information Technology,AICITSSAdvITT__VIJAYAWADA_37,0,09/11/2026,25/11/2026,6-30-AM to 12-30-PM,VIJAYAWADA,AICITSS - Advanced Information Technology,General,
Southern,VIJAYAWADA,AICITSS - Advanced Information Technology,AICITSSAdvITT__VIJAYAWADA_38,37,26/11/2026,12/12/2026,6-30-AM to 12-30-PM,VIJAYAWADA,AICITSS - Advanced Information Technology,General,08/10/2026
Southern,KOTTAYAM,ICITSS - Orientation Course,ICITSSOC__KOTTAYAM_17,36,12/10/2026,03/11/2026,10-0-AM to 5-0-PM,KOTTAYAM,ICITSS - Orientation Course,General,
Southern,ERODE,ICITSS - Information Technology,ICITSSITT__ERODE_45,12,12/11/2026,27/11/2026,10-0-AM to 4-0-PM,ERODE,ICITSS - Information Technology,General,10/08/2026
Western,KOLHAPUR,Advanced (ICITSS) MCS Course,AdvICITSSMCS__KOLHAPUR_17,0,21/10/2026,04/11/2026,11-0-AM to 6-0-PM,KOLHAPUR,Advanced (ICITSS) MCS Course,General,
Western,PUNE,Advanced (ICITSS) MCS Course,AdvICITSSMCS__PUNE_127,0,23/10/2026,06/11/2026,7-30-AM to 1-30-PM,PUNE,Advanced (ICITSS) MCS Course,General,
Western,PUNE,Advanced (ICITSS) MCS Course,AdvICITSSMCS__PUNE_128,0,23/10/2026,06/11/2026,2-0-PM to 8-0-PM,PUNE,Advanced (ICITSS) MCS Course,General,
Western,PUNE,Advanced (ICITSS) MCS Course,AdvICITSSMCS__PUNE_129,0,23/10/2026,06/11/2026,7-30-AM to 1-30-PM,PUNE,Advanced (ICITSS) MCS Course,General,
Southern,BENGALURU,ICITSS - Information Technology,ICITSSITT__BENGALURU_172,0,12/10/2026,31/10/2026,8-0-AM to 2-0-PM,BENGALURU,ICITSS - Information Technology,General,
Southern,BENGALURU,ICITSS - Information Technology,ICITSSITT__BENGALURU_173,1,12/10/2026,31/10/2026,2-0-PM to 8-0-PM,BENGALURU,ICITSS - Information Technology,General,28/09/2026
Western,JALGAON,Advanced (ICITSS) MCS Course,AdvICITSSMCS__JALGAON_3,0,18/10/2026,01/11/2026,8-0-AM to 2-30-PM,JALGAON,Advanced (ICITSS) MCS Course,General,
Northern,ROHTAK,ICITSS - Information Technology,ICITSSITT__ROHTAK_20,0,13/10/2026,31/10/2026,10-0-AM to 4-0-PM,ROHTAK,ICITSS - Information Technology,General,
Southern,Thrissur,ICITSS - Information Technology,ICITSSITT__Thrissur_30,31,26/10/2026,11/11/2026,10-0-AM to 4-0-PM,Thrissur,ICITSS - Information Technology,General,03/09/2026
Western,SURAT,Advanced (ICITSS) MCS Course,AdvICITSSMCS__SURAT_66,0,23/10/2026,07/11/2026,7-30-AM to 2-0-PM,SURAT,Advanced (ICITSS) MCS Course,General,
Western,SURAT,Advanced (ICITSS) MCS Course,AdvICITSSMCS__SURAT_67,0,23/10/2026,07/11/2026,2-30-PM to 9-0-PM,SURAT,Advanced (ICITSS) MCS Course,General,
Southern,ERNAKULAM,ICITSS - Orientation Course,ICITSSOC__ERNAKULAM_45,39,02/12/2026,18/12/2026,9-30-AM to 4-30-PM,ERNAKULAM,ICITSS - Orientation Course,General,
Western,NASHIK,Advanced (ICITSS) MCS Course,AdvICITSSMCS__NASHIK_22,0,19/10/2026,04/11/2026,10-0-AM to 5-0-PM,NASHIK,Advanced (ICITSS) MCS Course,General,
Western,NASHIK,Advanced (ICITSS) MCS Course,AdvICITSSMCS__NASHIK_23,17,16/11/2026,30/11/2026,10-0-AM to 5-0-PM,NASHIK,Advanced (ICITSS) MCS Course,General,
Western,Vadodara,Advanced (ICITSS) MCS Course,AdvICITSSMCS__Vadodara_25,0,30/10/2026,21/11/2026,11-0-AM to 5-0-PM,Vadodara,Advanced (ICITSS) MCS Course,General,
Western,AKOLA,Advanced (ICITSS) MCS Course,AdvICITSSMCS__AKOLA_11,31,16/11/2026,03/12/2026,7-30-AM to 1-30-PM,AKOLA,Advanced (ICITSS) MCS Course,General,
Southern,Palakkad,ICITSS - Information Technology,ICITSSITT__Palakkad_38,15,12/10/2026,30/10/2026,10-0-AM to 4-0-PM,Palakkad,ICITSS - Information Technology,General,01/06/2026
Southern,Palakkad,ICITSS - Information Technology,ICITSSITT__Palakkad_40,27,02/11/2026,19/11/2026,10-0-AM to 4-0-PM,Palakkad,ICITSS - Information Technology,General,18/08/2026
Southern,Palakkad,ICITSS - Information Technology,ICITSSITT__Palakkad_41,27,11/12/2026,29/12/2026,10-0-AM to 4-0-PM,Palakkad,ICITSS - Information Technology,General,17/09/2026
Western,KalyanDombivli,Advanced (ICITSS) MCS Course,AdvICITSSMCS__KalyanDombivli_43,0,22/10/2026,07/11/2026,8-0-AM to 2-0-PM,KalyanDombivli,Advanced (ICITSS) MCS Course,General,
Western,KalyanDombivli,Advanced (ICITSS) MCS Course,AdvICITSSMCS__KalyanDombivli_45,0,22/10/2026,07/11/2026,8-0-AM to 2-0-PM,KalyanDombivli,Advanced (ICITSS) MCS Course,General,
Western,KalyanDombivli,Advanced (ICITSS) MCS Course,AdvICITSSMCS__KalyanDombivli_44,0,14/11/2026,01/12/2026,8-0-AM to 2-0-PM,KalyanDombivli,Advanced (ICITSS) MCS Course,General,
Western,KalyanDombivli,Advanced (ICITSS) MCS Course,AdvICITSSMCS__KalyanDombivli_47,46,14/11/2026,01/12/2026,2-30-PM to 8-30-PM,KalyanDombivli,Advanced (ICITSS) MCS Course,General,
Western,KalyanDombivli,Advanced (ICITSS) MCS Course,AdvICITSSMCS__KalyanDombivli_48,44,05/12/2026,22/12/2026,8-0-AM to 2-0-PM,KalyanDombivli,Advanced (ICITSS) MCS Course,General,
Western,NAVI MUMBAI,Advanced (ICITSS) MCS Course,AdvICITSSMCS__NAVI MUMBAI_20,0,24/10/2026,07/11/2026,9-0-AM to 4-0-PM,NAVI MUMBAI,Advanced (ICITSS) MCS Course,General,
Western,AHMEDABAD,ICITSS - Information Technology,ICITSSITT__AHMEDABAD_228,0,16/10/2026,31/10/2026,7-30-AM to 1-30-PM,AHMEDABAD,ICITSS - Information Technology,General,
Western,AHMEDABAD,ICITSS - Information Technology,ICITSSITT__AHMEDABAD_229,0,16/10/2026,31/10/2026,2-30-PM to 8-30-PM,AHMEDABAD,ICITSS - Information Technology,General,
Western,AHMEDABAD,ICITSS - Information Technology,ICITSSITT__AHMEDABAD_230,0,16/10/2026,31/10/2026,7-30-AM to 1-30-PM,AHMEDABAD,ICITSS - Information Technology,General,
Western,AHMEDABAD,ICITSS - Information Technology,ICITSSITT__AHMEDABAD_231,0,16/10/2026,31/10/2026,2-30-PM to 8-30-PM,AHMEDABAD,ICITSS - Information Technology,General,
Southern,TIRUNELVELI,ICITSS - Information Technology,ICITSSITT__TIRUNELVELI_25,13,26/10/2026,14/11/2026,10-0-AM to 4-0-PM,TIRUNELVELI,ICITSS - Information Technology,General,15/09/2026
Southern,TIRUPATI,ICITSS - Information Technology,ICITSSITT__TIRUPATI_45,30,02/11/2026,21/11/2026,7-0-AM to 1-0-PM,TIRUPATI,ICITSS - Information Technology,General,01/10/2026
Northern,DELHI,ICITSS - Orientation Course,ICITSSOC__DELHI_364_at Vishwas Nagar,17,12/10/2026,28/10/2026,2-0-PM to 8-0-PM,DELHI,ICITSS - Orientation Course,General,
Northern,DELHI,ICITSS - Orientation Course,ICITSSOC__DELHI_366_at Vishwas Nagar,30,21/10/2026,06/11/2026,7-30-AM to 1-30-AM,DELHI,ICITSS - Orientation Course,General,
Northern,DELHI,ICITSS - Orientation Course,ICITSSOC__DELHI_367_at Vishwas Nagar,32,21/10/2026,06/11/2026,2-0-PM to 8-0-PM,DELHI,ICITSS - Orientation Course,General,
Northern,DELHI,ICITSS - Orientation Course,ICITSSOC__DELHI_368_at Pitampura,20,21/10/2026,06/11/2026,7-30-AM to 1-30-PM,DELHI,ICITSS - Orientation Course,General,
Northern,DELHI,ICITSS - Orientation Course,ICITSSOC__DELHI_365_at Prashant Vihar,34,22/10/2026,07/11/2026,2-0-PM to 8-0-PM,DELHI,ICITSS - Orientation Course,General,
Southern,Thiruvananthapuram,ICITSS - Orientation Course,ICITSSOC__Thiruvananthapuram_26,44,22/10/2026,07/11/2026,10-0-AM to 5-0-PM,Thiruvananthapuram,ICITSS - Orientation Course,General,
Western,THANE,Advanced (ICITSS) MCS Course,AdvICITSSMCS__THANE_98,0,26/10/2026,14/11/2026,8-0-AM to 2-0-PM,THANE,Advanced (ICITSS) MCS Course,General,
Western,THANE,Advanced (ICITSS) MCS Course,AdvICITSSMCS__THANE_99,0,26/10/2026,14/11/2026,2-30-PM to 8-30-PM,THANE,Advanced (ICITSS) MCS Course,General,
Western,THANE,Advanced (ICITSS) MCS Course,AdvICITSSMCS__THANE_101,0,26/10/2026,14/11/2026,8-0-AM to 2-0-PM,THANE,Advanced (ICITSS) MCS Course,General,
Western,THANE,Advanced (ICITSS) MCS Course,AdvICITSSMCS__THANE_102,0,26/10/2026,14/11/2026,2-30-PM to 8-30-PM,THANE,Advanced (ICITSS) MCS Course,General,
Western,THANE,Advanced (ICITSS) MCS Course,AdvICITSSMCS__THANE_103,0,18/11/2026,05/12/2026,8-0-AM to 2-0-PM,THANE,Advanced (ICITSS) MCS Course,General,
Western,THANE,Advanced (ICITSS) MCS Course,AdvICITSSMCS__THANE_104,0,18/11/2026,05/12/2026,2-30-PM to 8-30-PM,THANE,Advanced (ICITSS) MCS Course,General,
Western,THANE,Advanced (ICITSS) MCS Course,AdvICITSSMCS__THANE_105,0,18/11/2026,05/12/2026,8-0-AM to 2-0-PM,THANE,Advanced (ICITSS) MCS Course,General,
Western,THANE,Advanced (ICITSS) MCS Course,AdvICITSSMCS__THANE_106,22,18/11/2026,05/12/2026,2-30-PM to 8-30-PM,THANE,Advanced (ICITSS) MCS Course,General,
Western,THANE,Advanced (ICITSS) MCS Course,AdvICITSSMCS__THANE_107,39,09/12/2026,26/12/2026,8-0-AM to 2-0-PM,THANE,Advanced (ICITSS) MCS Course,General,
Western,THANE,Advanced (ICITSS) MCS Course,AdvICITSSMCS__THANE_108,47,09/12/2026,26/12/2026,2-30-PM to 8-30-PM,THANE,Advanced (ICITSS) MCS Course,General,
Northern,PANIPAT,ICITSS - Orientation Course,ICITSSOC__PANIPAT_18,38,27/10/2026,13/11/2026,10-15-AM to 5-0-PM,PANIPAT,ICITSS - Orientation Course,General,
Western,PIMPRI CHINCHWAD,Advanced (ICITSS) MCS Course,AdvICITSSMCS__PIMPRI CHINCHWAD_54,0,22/10/2026,05/11/2026,8-0-AM to 2-0-PM,PIMPRI CHINCHWAD,Advanced (ICITSS) MCS Course,General,
Western,PIMPRI CHINCHWAD,Advanced (ICITSS) MCS Course,AdvICITSSMCS__PIMPRI CHINCHWAD_55,0,22/10/2026,05/11/2026,2-0-PM to 8-0-PM,PIMPRI CHINCHWAD,Advanced (ICITSS) MCS Course,General,
Western,PIMPRI CHINCHWAD,Advanced (ICITSS) MCS Course,AdvICITSSMCS__PIMPRI CHINCHWAD_56,0,22/10/2026,05/11/2026,8-0-AM to 2-0-PM,PIMPRI CHINCHWAD,Advanced (ICITSS) MCS Course,General,
Western,PIMPRI CHINCHWAD,Advanced (ICITSS) MCS Course,AdvICITSSMCS__PIMPRI CHINCHWAD_57,0,22/10/2026,05/11/2026,2-0-PM to 8-0-PM,PIMPRI CHINCHWAD,Advanced (ICITSS) MCS Course,General,
Western,PIMPRI CHINCHWAD,Advanced (ICITSS) MCS Course,AdvICITSSMCS__PIMPRI CHINCHWAD_58,28,22/10/2026,05/11/2026,8-0-AM to 2-0-PM,PIMPRI CHINCHWAD,Advanced (ICITSS) MCS Course,General,
Northern,SIRSA,ICITSS - Orientation Course,ICITSSOC__SIRSA_8,12,12/10/2026,31/10/2026,10-0-AM to 4-0-PM,SIRSA,ICITSS - Orientation Course,General,
Northern,Bhatinda,ICITSS - Orientation Course,ICITSSOC__Bhatinda_25,49,16/10/2026,30/10/2026,10-0-AM to 4-0-PM,Bhatinda,ICITSS - Orientation Course,General,
Western,RAJKOT,Advanced (ICITSS) MCS Course,AdvICITSSMCS__RAJKOT_29,0,18/10/2026,01/11/2026,7-0-AM to 1-30-PM,RAJKOT,Advanced (ICITSS) MCS Course,General,
Western,RAJKOT,Advanced (ICITSS) MCS Course,AdvICITSSMCS__RAJKOT_30,13,18/10/2026,01/11/2026,2-0-PM to 8-30-PM,RAJKOT,Advanced (ICITSS) MCS Course,General,
Southern,Kozhikode,ICITSS - Information Technology,ICITSSITT__Kozhikode_50,0,02/11/2026,18/11/2026,10-0-AM to 4-0-PM,Kozhikode,ICITSS - Information Technology,General,
Southern,Kozhikode,ICITSS - Information Technology,ICITSSITT__Kozhikode_51,29,23/11/2026,09/12/2026,10-0-AM to 4-0-PM,Kozhikode,ICITSS - Information Technology,General,03/09/2026
Southern,Kozhikode,ICITSS - Information Technology,ICITSSITT__Kozhikode_52,30,14/12/2026,31/12/2026,10-0-AM to 4-0-PM,Kozhikode,ICITSS - Information Technology,General,06/10/2026
Western,NAVSARI,Advanced (ICITSS) MCS Course,AdvICITSSMCS__NAVSARI_11,36,19/10/2026,04/11/2026,8-0-AM to 2-0-AM,NAVSARI,Advanced (ICITSS) MCS Course,General,
Western,NAVSARI,Advanced (ICITSS) MCS Course,AdvICITSSMCS__NAVSARI_12,50,14/12/2026,31/12/2026,8-0-AM to 2-0-PM,NAVSARI,Advanced (ICITSS) MCS Course,General,
Northern,Jammu&Kashmir,ICITSS - Orientation Course,ICITSSOC__JammuKashmir_10,33,12/10/2026,27/10/2026,10-0-AM to 4-0-PM,Jammu&Kashmir,ICITSS - Orientation Course,General,
Western,MUMBAI,Advanced (ICITSS) MCS Course,AdvICITSSMCS__MUMBAI_177,0,19/10/2026,05/11/2026,8-0-AM to 2-0-PM,MUMBAI,Advanced (ICITSS) MCS Course,General,
Western,MUMBAI,Advanced (ICITSS) MCS Course,AdvICITSSMCS__MUMBAI_178,0,19/10/2026,05/11/2026,2-30-PM to 8-30-PM,MUMBAI,Advanced (ICITSS) MCS Course,General,
Western,MUMBAI,Advanced (ICITSS) MCS Course,AdvICITSSMCS__MUMBAI_179,0,19/10/2026,05/11/2026,8-0-AM to 2-0-PM,MUMBAI,Advanced (ICITSS) MCS Course,General,
Western,MUMBAI,Advanced (ICITSS) MCS Course,AdvICITSSMCS__MUMBAI_180,0,19/10/2026,05/11/2026,2-30-PM to 8-30-PM,MUMBAI,Advanced (ICITSS) MCS Course,General,
Western,MUMBAI,Advanced (ICITSS) MCS Course,AdvICITSSMCS__MUMBAI_181,0,19/10/2026,05/11/2026,8-0-AM to 2-0-PM,MUMBAI,Advanced (ICITSS) MCS Course,General,
Western,MUMBAI,Advanced (ICITSS) MCS Course,AdvICITSSMCS__MUMBAI_182,0,19/10/2026,05/11/2026,2-30-PM to 8-30-PM,MUMBAI,Advanced (ICITSS) MCS Course,General,
Western,MUMBAI,Advanced (ICITSS) MCS Course,AdvICITSSMCS__MUMBAI_183,0,19/10/2026,05/11/2026,8-0-AM to 2-0-PM,MUMBAI,Advanced (ICITSS) MCS Course,General,
Western,MUMBAI,Advanced (ICITSS) MCS Course,AdvICITSSMCS__MUMBAI_184,0,19/10/2026,05/11/2026,2-30-PM to 8-30-PM,MUMBAI,Advanced (ICITSS) MCS Course,General,
Western,MUMBAI,Advanced (ICITSS) MCS Course,AdvICITSSMCS__MUMBAI_186,0,12/11/2026,03/12/2026,8-0-AM to 2-0-PM,MUMBAI,Advanced (ICITSS) MCS Course,General,
Western,MUMBAI,Advanced (ICITSS) MCS Course,AdvICITSSMCS__MUMBAI_187,0,12/11/2026,03/12/2026,2-30-PM to 8-30-PM,MUMBAI,Advanced (ICITSS) MCS Course,General,
Western,MUMBAI,Advanced (ICITSS) MCS Course,AdvICITSSMCS__MUMBAI_188,0,12/11/2026,03/12/2026,8-0-AM to 2-0-PM,MUMBAI,Advanced (ICITSS) MCS Course,General,
Western,MUMBAI,Advanced (ICITSS) MCS Course,AdvICITSSMCS__MUMBAI_189,0,12/11/2026,03/12/2026,2-30-PM to 8-30-PM,MUMBAI,Advanced (ICITSS) MCS Course,General,
Southern,Alappuzha,ICITSS - Orientation Course,ICITSSOC__Alappuzha_92,34,26/10/2026,11/11/2026,9-30-AM to 4-30-PM,Alappuzha,ICITSS - Orientation Course,General,
Southern,Alappuzha,ICITSS - Orientation Course,ICITSSOC__Alappuzha_93,44,12/11/2026,28/11/2026,9-30-AM to 4-30-PM,Alappuzha,ICITSS - Orientation Course,General,
Southern,Alappuzha,ICITSS - Orientation Course,ICITSSOC__Alappuzha_95,35,30/11/2026,16/12/2026,9-30-AM to 4-30-PM,Alappuzha,ICITSS - Orientation Course,General,
Northern,LUDHIANA,ICITSS - Orientation Course,ICITSSOC__LUDHIANA_31,6,21/10/2026,06/11/2026,10-0-AM to 4-0-PM,LUDHIANA,ICITSS - Orientation Course,General,
Southern,KAKINADA,ICITSS - Information Technology,ICITSSITT__KAKINADA_13,20,25/11/2026,09/12/2026,9-30-AM to 3-30-PM,KAKINADA,ICITSS - Information Technology,General,19/09/2026
Western,VASAI,Advanced (ICITSS) MCS Course,AdvICITSSMCS__VASAI_72,0,21/10/2026,06/11/2026,8-0-AM to 2-0-PM,VASAI,Advanced (ICITSS) MCS Course,General,
Western,VASAI,Advanced (ICITSS) MCS Course,AdvICITSSMCS__VASAI_73,0,21/10/2026,06/11/2026,3-0-PM to 9-0-PM,VASAI,Advanced (ICITSS) MCS Course,General,
Western,VASAI,Advanced (ICITSS) MCS Course,AdvICITSSMCS__VASAI_74,0,21/10/2026,06/11/2026,8-0-AM to 2-0-PM,VASAI,Advanced (ICITSS) MCS Course,General,
Western,VASAI,Advanced (ICITSS) MCS Course,AdvICITSSMCS__VASAI_75,0,21/10/2026,06/11/2026,3-0-PM to 9-0-PM,VASAI,Advanced (ICITSS) MCS Course,General,
Western,VASAI,Advanced (ICITSS) MCS Course,AdvICITSSMCS__VASAI_78,0,21/10/2026,06/11/2026,3-0-PM to 9-0-PM,VASAI,Advanced (ICITSS) MCS Course,General,
Western,VASAI,Advanced (ICITSS) MCS Course,AdvICITSSMCS__VASAI_76,0,13/11/2026,01/12/2026,8-0-AM to 2-0-PM,VASAI,Advanced (ICITSS) MCS Course,General,
Western,VASAI,Advanced (ICITSS) MCS Course,AdvICITSSMCS__VASAI_77,0,13/11/2026,01/12/2026,3-0-PM to 9-0-PM,VASAI,Advanced (ICITSS) MCS Course,General,
Western,VASAI,Advanced (ICITSS) MCS Course,AdvICITSSMCS__VASAI_79,0,13/11/2026,01/12/2026,8-0-AM to 2-0-PM,VASAI,Advanced (ICITSS) MCS Course,General,
Western,VASAI,Advanced (ICITSS) MCS Course,AdvICITSSMCS__VASAI_80,42,13/11/2026,01/12/2026,3-0-PM to 9-0-PM,VASAI,Advanced (ICITSS) MCS Course,General,
Southern,VIJAYAWADA,ICITSS - Information Technology,ICITSSITT__VIJAYAWADA_60,36,23/10/2026,07/11/2026,1-30-PM to 7-30-PM,VIJAYAWADA,ICITSS - Information Technology,General,06/10/2026
Southern,HYDERABAD,ICITSS - Information Technology,ICITSSITT__HYDERABAD_142,0,12/10/2026,29/10/2026,2-0-PM to 8-0-PM,HYDERABAD,ICITSS - Information Technology,General,
Southern,HYDERABAD,ICITSS - Information Technology,ICITSSITT__HYDERABAD_143,0,29/10/2026,14/11/2026,7-0-AM to 1-0-PM,HYDERABAD,ICITSS - Information Technology,General,
Southern,Mangaluru,ICITSS - Information Technology,ICITSSITT__Mangaluru_47,7,23/10/2026,09/11/2026,10-0-AM to 4-0-PM,Mangaluru,ICITSS - Information Technology,General,29/09/2026
Southern,BENGALURU,ICITSS - Orientation Course,ICITSSOC__BENGALURU_199,10,15/10/2026,31/10/2026,7-0-AM to 1-30-PM,BENGALURU,ICITSS - Orientation Course,General,
Southern,Anantapur,ICITSS - Orientation Course,ICITSSOC__Anantapur_12,20,26/10/2026,10/11/2026,2-0-PM to 8-0-PM,Anantapur,ICITSS - Orientation Course,General,
Southern,Palakkad,ICITSS - Orientation Course,ICITSSOC__Palakkad_15,48,09/11/2026,26/11/2026,9-30-AM to 4-30-PM,Palakkad,ICITSS - Orientation Course,General,
Southern,VISAKHAPATNAM,ICITSS - Orientation Course,ICITSSOC__VISAKHAPATNAM_30,50,02/11/2026,19/11/2026,10-0-AM to 4-30-PM,VISAKHAPATNAM,ICITSS - Orientation Course,General,
Southern,TIRUPATI,ICITSS - Orientation Course,ICITSSOC__TIRUPATI_45,30,02/11/2026,20/11/2026,2-0-PM to 8-0-PM,TIRUPATI,ICITSS - Orientation Course,General,
Western,MUMBAI,Advanced (ICITSS) MCS Course - Weekend,AdvICITSSMCSWkd__MUMBAI_17,2,24/10/2026,13/12/2026,8-0-AM to 2-0-PM,MUMBAI,Advanced (ICITSS) MCS Course - Weekend,General,
Southern,GUNTUR,ICITSS - Information Technology,ICITSSITT__GUNTUR_53,1,12/10/2026,29/10/2026,7-0-AM to 1-0-PM,GUNTUR,ICITSS - Information Technology,General,31/08/2026
Southern,GUNTUR,ICITSS - Information Technology,ICITSSITT__GUNTUR_54,24,16/11/2026,02/12/2026,1-0-PM to 7-0-PM,GUNTUR,ICITSS - Information Technology,General,18/09/2026
Southern,Kozhikode,ICITSS - Orientation Course,ICITSSOC__Kozhikode_41,13,02/11/2026,18/11/2026,10-0-AM to 5-0-PM,Kozhikode,ICITSS - Orientation Course,General,
Southern,Kozhikode,ICITSS - Orientation Course,ICITSSOC__Kozhikode_42,39,23/11/2026,09/12/2026,10-0-AM to 5-0-PM,Kozhikode,ICITSS - Orientation Course,General,
Southern,Kozhikode,ICITSS - Orientation Course,ICITSSOC__Kozhikode_43,30,14/12/2026,31/12/2026,10-0-AM to 5-0-PM,Kozhikode,ICITSS - Orientation Course,General,
Southern,TIRUPUR,ICITSS - Information Technology,ICITSSITT__TIRUPUR_23,11,22/10/2026,05/11/2026,10-0-AM to 4-0-PM,TIRUPUR,ICITSS - Information Technology,General,19/09/2026
Western,AURANGABAD,Advanced (ICITSS) MCS Course,AdvICITSSMCS__AURANGABAD_21,0,21/10/2026,04/11/2026,8-0-AM to 2-0-PM,AURANGABAD,Advanced (ICITSS) MCS Course,General,
Southern,KAKINADA,ICITSS - Orientation Course,ICITSSOC__KAKINADA_13,50,03/11/2026,18/11/2026,9-30-AM to 4-30-PM,KAKINADA,ICITSS - Orientation Course,General,
Southern,MADURAI,ICITSS - Information Technology,ICITSSITT__MADURAI_14,0,13/10/2026,04/11/2026,10-0-AM to 4-0-PM,MADURAI,ICITSS - Information Technology,General,
Western,VAPI,Advanced (ICITSS) MCS Course,AdvICITSSMCS__VAPI_11,47,07/12/2026,23/12/2026,10-0-AM to 4-0-PM,VAPI,Advanced (ICITSS) MCS Course,General,
Southern,HYDERABAD,ICITSS - Orientation Course,ICITSSOC__HYDERABAD_133,0,29/10/2026,14/11/2026,7-0-AM to 1-30-PM,HYDERABAD,ICITSS - Orientation Course,General,
Western,NASHIK,AICITSS - Advanced Information Technology,AICITSSAdvITT__NASHIK_29,0,19/10/2026,04/11/2026,7-0-AM to 1-0-PM,NASHIK,AICITSS - Advanced Information Technology,General,
Western,NASHIK,AICITSS - Advanced Information Technology,AICITSSAdvITT__NASHIK_30,0,16/11/2026,30/11/2026,7-0-AM to 1-0-PM,NASHIK,AICITSS - Advanced Information Technology,General,
Southern,VIJAYAWADA,ICITSS - Orientation Course,ICITSSOC__VIJAYAWADA_41,49,23/10/2026,06/11/2026,7-0-AM to 1-0-PM,VIJAYAWADA,ICITSS - Orientation Course,General,
Western,AHMEDABAD,ICITSS - Orientation Course,ICITSSOC__AHMEDABAD_206,0,16/10/2026,31/10/2026,7-30-AM to 2-15-PM,AHMEDABAD,ICITSS - Orientation Course,General,
Western,AHMEDABAD,ICITSS - Orientation Course,ICITSSOC__AHMEDABAD_207,0,16/10/2026,31/10/2026,2-30-PM to 8-45-PM,AHMEDABAD,ICITSS - Orientation Course,General,
Western,AKOLA,AICITSS - Advanced Information Technology,AICITSSAdvITT__AKOLA_11,0,21/10/2026,05/11/2026,7-30-AM to 1-30-PM,AKOLA,AICITSS - Advanced Information Technology,General,
Western,AKOLA,AICITSS - Advanced Information Technology,AICITSSAdvITT__AKOLA_12,45,16/11/2026,03/12/2026,7-30-AM to 1-30-PM,AKOLA,AICITSS - Advanced Information Technology,General,06/10/2026
Western,THANE,AICITSS - Advanced Information Technology,AICITSSAdvITT__THANE_113,0,14/11/2026,02/12/2026,2-30-PM to 8-30-PM,THANE,AICITSS - Advanced Information Technology,General,
Western,THANE,AICITSS - Advanced Information Technology,AICITSSAdvITT__THANE_112,0,16/11/2026,03/12/2026,8-0-AM to 2-0-PM,THANE,AICITSS - Advanced Information Technology,General,
Western,PUNE,AICITSS - Advanced Information Technology,AICITSSAdvITT__PUNE_131,0,24/10/2026,07/11/2026,7-0-AM to 1-0-PM,PUNE,AICITSS - Advanced Information Technology,General,
Western,PUNE,AICITSS - Advanced Information Technology,AICITSSAdvITT__PUNE_132,0,24/10/2026,07/11/2026,2-0-PM to 8-0-PM,PUNE,AICITSS - Advanced Information Technology,General,
Western,KalyanDombivli,AICITSS - Advanced Information Technology,AICITSSAdvITT__KalyanDombivli_37__Ulhas_Eve,0,14/10/2026,31/10/2026,2-0-PM to 8-0-PM,KalyanDombivli,AICITSS - Advanced Information Technology,General,
Western,KalyanDombivli,AICITSS - Advanced Information Technology,AICITSSAdvITT__KalyanDombivli_40__Ulhas_Mor,0,14/10/2026,31/10/2026,8-0-AM to 2-0-PM,KalyanDombivli,AICITSS - Advanced Information Technology,General,
Western,KalyanDombivli,AICITSS - Advanced Information Technology,AICITSSAdvITT__KalyanDombivli_33_Mor-DOM,0,22/10/2026,07/11/2026,8-0-AM to 2-0-PM,KalyanDombivli,AICITSS - Advanced Information Technology,General,
Western,KalyanDombivli,AICITSS - Advanced Information Technology,AICITSSAdvITT__KalyanDombivli_38_Dom,0,22/10/2026,07/11/2026,2-0-PM to 8-0-PM,KalyanDombivli,AICITSS - Advanced Information Technology,General,
Western,KalyanDombivli,AICITSS - Advanced Information Technology,AICITSSAdvITT__KalyanDombivli_43__Ulhas_Mor,0,14/11/2026,30/11/2026,8-0-AM to 2-0-PM,KalyanDombivli,AICITSS - Advanced Information Technology,General,
Western,KalyanDombivli,AICITSS - Advanced Information Technology,AICITSSAdvITT__KalyanDombivli_44__Ulhas_Eve,0,14/11/2026,30/11/2026,2-0-PM to 8-0-PM,KalyanDombivli,AICITSS - Advanced Information Technology,General,
Western,KalyanDombivli,AICITSS - Advanced Information Technology,AICITSSAdvITT__KalyanDombivli_36_Mor DOM,0,17/11/2026,03/12/2026,8-0-AM to 2-0-PM,KalyanDombivli,AICITSS - Advanced Information Technology,General,
Western,KalyanDombivli,AICITSS - Advanced Information Technology,AICITSSAdvITT__KalyanDombivli_39_Eve - DOM,0,17/11/2026,03/12/2026,2-0-PM to 8-0-PM,KalyanDombivli,AICITSS - Advanced Information Technology,General,
Western,KalyanDombivli,AICITSS - Advanced Information Technology,AICITSSAdvITT__KalyanDombivli_46__Ulhas_Mor,0,07/12/2026,23/12/2026,8-0-AM to 2-0-PM,KalyanDombivli,AICITSS - Advanced Information Technology,General,
Western,KalyanDombivli,AICITSS - Advanced Information Technology,AICITSSAdvITT__KalyanDombivli_41_Mor - DOM,0,08/12/2026,24/12/2026,8-0-AM to 2-0-PM,KalyanDombivli,AICITSS - Advanced Information Technology,General,
Western,KalyanDombivli,AICITSS - Advanced Information Technology,AICITSSAdvITT__KalyanDombivli_42_Eve - DOM,0,08/12/2026,24/12/2026,2-0-PM to 8-0-PM,KalyanDombivli,AICITSS - Advanced Information Technology,General,
Western,KalyanDombivli,AICITSS - Advanced Information Technology,AICITSSAdvITT__KalyanDombivli_45_Mor - DOM,2,28/12/2026,15/01/2027,8-0-AM to 2-0-PM,KalyanDombivli,AICITSS - Advanced Information Technology,General,01/10/2026
Western,NAVI MUMBAI,AICITSS - Advanced Information Technology,AICITSSAdvITT__NAVI MUMBAI_25,0,26/10/2026,14/11/2026,2-15-PM to 8-15-PM,NAVI MUMBAI,AICITSS - Advanced Information Technology,General,
Western,NAVI MUMBAI,AICITSS - Advanced Information Technology,AICITSSAdvITT__NAVI MUMBAI_26,0,02/11/2026,22/11/2026,8-0-AM to 2-0-PM,NAVI MUMBAI,AICITSS - Advanced Information Technology,General,
Western,PIMPRI CHINCHWAD,AICITSS - Advanced Information Technology,AICITSSAdvITT__PIMPRI CHINCHWAD_41,0,21/10/2026,04/11/2026,8-0-AM to 2-0-PM,PIMPRI CHINCHWAD,AICITSS - Advanced Information Technology,General,
Western,NAVSARI,AICITSS - Advanced Information Technology,AICITSSAdvITT__NAVSARI_14,27,23/11/2026,10/12/2026,8-0-AM to 2-0-PM,NAVSARI,AICITSS - Advanced Information Technology,General,07/10/2026
Western,SURAT,AICITSS - Advanced Information Technology,AICITSSAdvITT__SURAT_89,0,23/10/2026,07/11/2026,2-30-PM to 8-30-PM,SURAT,AICITSS - Advanced Information Technology,General,
Western,MUMBAI,AICITSS - Advanced Information Technology,AICITSSAdvITT__MUMBAI_169,0,12/10/2026,29/10/2026,8-0-AM to 2-0-PM,MUMBAI,AICITSS - Advanced Information Technology,General,
Western,MUMBAI,AICITSS - Advanced Information Technology,AICITSSAdvITT__MUMBAI_170,0,12/10/2026,29/10/2026,2-30-PM to 8-30-PM,MUMBAI,AICITSS - Advanced Information Technology,General,
Western,MUMBAI,AICITSS - Advanced Information Technology,AICITSSAdvITT__MUMBAI_171,0,12/10/2026,29/10/2026,8-0-AM to 2-0-PM,MUMBAI,AICITSS - Advanced Information Technology,General,
Western,MUMBAI,AICITSS - Advanced Information Technology,AICITSSAdvITT__MUMBAI_172,0,12/10/2026,29/10/2026,2-30-PM to 8-30-PM,MUMBAI,AICITSS - Advanced Information Technology,General,
Western,MUMBAI,AICITSS - Advanced Information Technology,AICITSSAdvITT__MUMBAI_173,0,12/11/2026,28/11/2026,8-0-AM to 2-0-PM,MUMBAI,AICITSS - Advanced Information Technology,General,
Western,MUMBAI,AICITSS - Advanced Information Technology,AICITSSAdvITT__MUMBAI_174,0,12/11/2026,28/11/2026,2-30-PM to 8-30-PM,MUMBAI,AICITSS - Advanced Information Technology,General,
Western,MUMBAI,AICITSS - Advanced Information Technology,AICITSSAdvITT__MUMBAI_175,0,12/11/2026,28/11/2026,8-0-AM to 2-0-PM,MUMBAI,AICITSS - Advanced Information Technology,General,
Western,MUMBAI,AICITSS - Advanced Information Technology,AICITSSAdvITT__MUMBAI_176,0,12/11/2026,28/11/2026,2-30-PM to 8-30-PM,MUMBAI,AICITSS - Advanced Information Technology,General,
Western,Vadodara,AICITSS - Advanced Information Technology,AICITSSAdvITT__Vadodara_32,0,22/11/2026,08/12/2026,8-0-AM to 2-0-PM,Vadodara,AICITSS - Advanced Information Technology,General,
Western,Vadodara,AICITSS - Advanced Information Technology,AICITSSAdvITT__Vadodara_33,0,22/11/2026,08/12/2026,2-0-PM to 8-0-PM,Vadodara,AICITSS - Advanced Information Technology,General,
Southern,GUNTUR,ICITSS - Orientation Course,ICITSSOC__GUNTUR_25,46,16/11/2026,02/12/2026,7-0-AM to 1-0-PM,GUNTUR,ICITSS - Orientation Course,General,
Western,VASAI,AICITSS - Advanced Information Technology,AICITSSAdvITT__VASAI_90,0,15/10/2026,30/10/2026,7-30-AM to 1-30-PM,VASAI,AICITSS - Advanced Information Technology,General,
Western,VASAI,AICITSS - Advanced Information Technology,AICITSSAdvITT__VASAI_91,0,15/10/2026,30/10/2026,2-30-PM to 8-30-PM,VASAI,AICITSS - Advanced Information Technology,General,
Western,VASAI,AICITSS - Advanced Information Technology,AICITSSAdvITT__VASAI_92,0,02/11/2026,19/11/2026,7-30-AM to 1-30-PM,VASAI,AICITSS - Advanced Information Technology,General,
Western,VASAI,AICITSS - Advanced Information Technology,AICITSSAdvITT__VASAI_93,0,02/11/2026,19/11/2026,2-30-PM to 8-30-PM,VASAI,AICITSS - Advanced Information Technology,General,
Western,VASAI,AICITSS - Advanced Information Technology,AICITSSAdvITT__VASAI_94,0,20/11/2026,05/12/2026,7-30-AM to 1-30-PM,VASAI,AICITSS - Advanced Information Technology,General,
Western,VASAI,AICITSS - Advanced Information Technology,AICITSSAdvITT__VASAI_95,0,20/11/2026,05/12/2026,2-30-PM to 8-30-PM,VASAI,AICITSS - Advanced Information Technology,General,
Western,VASAI,AICITSS - Advanced Information Technology,AICITSSAdvITT__VASAI_96,0,07/12/2026,22/12/2026,7-30-AM to 1-30-PM,VASAI,AICITSS - Advanced Information Technology,General,
Western,VASAI,AICITSS - Advanced Information Technology,AICITSSAdvITT__VASAI_97,0,07/12/2026,22/12/2026,2-30-PM to 8-30-PM,VASAI,AICITSS - Advanced Information Technology,General,
Western,NASHIK,ICITSS - Information Technology,ICITSSITT__NASHIK_48,10,22/10/2026,07/11/2026,2-0-PM to 8-0-PM,NASHIK,ICITSS - Information Technology,General,03/10/2026
Western,PUNE,ICITSS - Information Technology,ICITSSITT__PUNE_132,0,21/10/2026,04/11/2026,7-0-AM to 1-0-PM,PUNE,ICITSS - Information Technology,General,
Western,PUNE,ICITSS - Information Technology,ICITSSITT__PUNE_133,0,21/10/2026,04/11/2026,2-0-PM to 8-0-PM,PUNE,ICITSS - Information Technology,General,
Western,KalyanDombivli,ICITSS - Information Technology,ICITSSITT__KalyanDombivli_78_Mor DOM,0,22/10/2026,07/11/2026,2-0-PM to 8-0-PM,KalyanDombivli,ICITSS - Information Technology,General,
Western,KalyanDombivli,ICITSS - Information Technology,ICITSSITT__KalyanDombivli_84_Eve DOM,0,22/10/2026,07/11/2026,2-0-PM to 8-0-PM,KalyanDombivli,ICITSS - Information Technology,General,
Western,PIMPRI CHINCHWAD,ICITSS - Information Technology,ICITSSITT__PIMPRI CHINCHWAD_65,0,21/10/2026,04/11/2026,2-0-PM to 8-0-PM,PIMPRI CHINCHWAD,ICITSS - Information Technology,General,
Western,JALGAON,ICITSS - Information Technology,ICITSSITT__JALGAON_20,29,18/10/2026,01/11/2026,8-0-AM to 2-0-PM,JALGAON,ICITSS - Information Technology,General,11/09/2026
Western,AHMEDNAGAR,ICITSS - Information Technology,ICITSSITT__AHMEDNAGAR_21,9,21/10/2026,04/11/2026,8-0-AM to 2-0-PM,AHMEDNAGAR,ICITSS - Information Technology,General,18/08/2026
Western,NASHIK,ICITSS - Orientation Course,ICITSSOC__NASHIK_38,32,22/10/2026,07/11/2026,10-0-AM to 5-0-PM,NASHIK,ICITSS - Orientation Course,General,
Western,AURANGABAD,AICITSS - Advanced Information Technology,AICITSSAdvITT__AURANGABAD_18,0,22/10/2026,05/11/2026,8-0-AM to 2-0-PM,AURANGABAD,AICITSS - Advanced Information Technology,General,
Western,THANE,ICITSS - Information Technology,ICITSSITT__THANE_107,0,27/10/2026,16/11/2026,8-0-AM to 2-0-PM,THANE,ICITSS - Information Technology,General,
Western,THANE,ICITSS - Information Technology,ICITSSITT__THANE_108,0,27/10/2026,16/11/2026,2-30-PM to 8-30-PM,THANE,ICITSS - Information Technology,General,
Western,AKOLA,ICITSS - Orientation Course,ICITSSOC__AKOLA_21,7,13/10/2026,30/10/2026,7-30-AM to 1-30-PM,AKOLA,ICITSS - Orientation Course,General,
Western,Vadodara,ICITSS - Information Technology,ICITSSITT__Vadodara_59,0,27/10/2026,20/11/2026,2-0-PM to 8-0-PM,Vadodara,ICITSS - Information Technology,General,
Western,Vadodara,ICITSS - Information Technology,ICITSSITT__Vadodara_60,0,27/10/2026,20/11/2026,8-0-AM to 2-0-PM,Vadodara,ICITSS - Information Technology,General,
Western,VASAI,ICITSS - Information Technology,ICITSSITT__VASAI_99,0,23/10/2026,07/11/2026,7-30-AM to 1-30-PM,VASAI,ICITSS - Information Technology,General,
Western,VASAI,ICITSS - Information Technology,ICITSSITT__VASAI_100,0,23/10/2026,07/11/2026,2-30-PM to 8-30-PM,VASAI,ICITSS - Information Technology,General,
Western,VASAI,ICITSS - Information Technology,ICITSSITT__VASAI_101,38,13/11/2026,28/11/2026,7-30-AM to 1-30-PM,VASAI,ICITSS - Information Technology,General,28/09/2026
Western,VASAI,ICITSS - Information Technology,ICITSSITT__VASAI_102,45,13/11/2026,28/11/2026,2-30-PM to 8-30-PM,VASAI,ICITSS - Information Technology,General,28/09/2026
Western,MUMBAI,ICITSS - Information Technology,ICITSSITT__MUMBAI_273,0,26/10/2026,14/11/2026,8-0-AM to 2-0-PM,MUMBAI,ICITSS - Information Technology,General,
Western,MUMBAI,ICITSS - Information Technology,ICITSSITT__MUMBAI_274,0,26/10/2026,14/11/2026,2-30-PM to 8-30-PM,MUMBAI,ICITSS - Information Technology,General,
Western,KalyanDombivli,ICITSS - Orientation Course,ICITSSOC__KalyanDombivli_85,34,14/10/2026,31/10/2026,2-30-PM to 8-30-PM,KalyanDombivli,ICITSS - Orientation Course,General,
Western,NAVSARI,ICITSS - Information Technology,ICITSSITT__NAVSARI_22,30,14/12/2026,31/12/2026,8-0-AM to 2-0-PM,NAVSARI,ICITSS - Information Technology,General,09/10/2026
Western,SANGLI,ICITSS - Information Technology,ICITSSITT__SANGLI_23,0,14/10/2026,30/10/2026,8-0-AM to 2-0-PM,SANGLI,ICITSS - Information Technology,General,
Western,JALGAON,ICITSS - Orientation Course,ICITSSOC__JALGAON_11,49,18/10/2026,01/11/2026,8-0-AM to 2-30-PM,JALGAON,ICITSS - Orientation Course,General,
Western,THANE,ICITSS - Orientation Course,ICITSSOC__THANE_121,49,18/11/2026,05/12/2026,2-30-PM to 8-30-PM,THANE,ICITSS - Orientation Course,General,
Western,THANE,ICITSS - Orientation Course,ICITSSOC__THANE_120,48,09/12/2026,26/12/2026,8-0-AM to 2-0-PM,THANE,ICITSS - Orientation Course,General,
Western,SURAT,ICITSS - Information Technology,ICITSSITT__SURAT_135,0,23/10/2026,07/11/2026,8-0-AM to 2-0-PM,SURAT,ICITSS - Information Technology,General,
Western,SURAT,ICITSS - Information Technology,ICITSSITT__SURAT_136,0,23/10/2026,07/11/2026,8-0-AM to 2-0-PM,SURAT,ICITSS - Information Technology,General,
Western,SURAT,ICITSS - Information Technology,ICITSSITT__SURAT_137,0,23/10/2026,07/11/2026,2-30-PM to 8-30-PM,SURAT,ICITSS - Information Technology,General,
Western,VAPI,ICITSS - Information Technology,ICITSSITT__VAPI_13,24,21/10/2026,04/11/2026,10-0-AM to 4-0-PM,VAPI,ICITSS - Information Technology,General,05/10/2026
Western,Vadodara,ICITSS - Orientation Course,ICITSSOC__Vadodara_49,31,13/10/2026,30/10/2026,11-0-AM to 5-0-PM,Vadodara,ICITSS - Orientation Course,General,
Western,VASAI,ICITSS - Orientation Course,ICITSSOC__VASAI_112,25,21/10/2026,06/11/2026,8-0-AM to 2-0-PM,VASAI,ICITSS - Orientation Course,General,
Western,MUMBAI,ICITSS - Orientation Course,ICITSSOC__MUMBAI_211,0,26/10/2026,14/11/2026,8-0-AM to 2-0-PM,MUMBAI,ICITSS - Orientation Course,General,
Western,MUMBAI,ICITSS - Orientation Course,ICITSSOC__MUMBAI_212,0,26/10/2026,14/11/2026,2-30-PM to 8-30-PM,MUMBAI,ICITSS - Orientation Course,General,
Western,NAVSARI,ICITSS - Orientation Course,ICITSSOC__NAVSARI_18,43,21/10/2026,04/11/2026,8-0-AM to 2-0-PM,NAVSARI,ICITSS - Orientation Course,General,
Western,NAVSARI,ICITSS - Orientation Course,ICITSSOC__NAVSARI_20,50,23/11/2026,10/12/2026,8-0-AM to 2-0-PM,NAVSARI,ICITSS - Orientation Course,General,
Western,SANGLI,ICITSS - Orientation Course,ICITSSOC__SANGLI_12,25,14/10/2026,30/10/2026,2-0-PM to 8-0-PM,SANGLI,ICITSS - Orientation Course,General,
